viewCount,likeCount,dislikeCount,favoriteCount,commentCount,title,publishedAt,playlist_anme
713620,60645,2050,0,2729,"–û–ø–∞—Å–Ω—ã–µ –æ—à–∏–±–∫–∏, –∫–æ—Ç–æ—Ä—ã–µ –º—ã –Ω–µ –∑–∞–º–µ—á–∞–µ–º | –í–ñ–£–•",2020-07-08T20:13:20Z,üå† –†—É–±—Ä–∏–∫–∞ –í–ñ–£–•. –ì–ª–∞–≤–Ω—ã–µ –∏–¥–µ–∏ –ª—É—á—à–∏—Ö –∫–Ω–∏–≥
232330,24880,442,0,1508,"–ö–ê–ö –ù–ê–° –û–ë–ú–ê–ù–´–í–ê–Æ–¢, –ì–û–í–û–†–Ø –ü–†–ê–í–î–£ | –í–ñ–£–•",2020-09-10T18:42:15Z,üå† –†—É–±—Ä–∏–∫–∞ –í–ñ–£–•. –ì–ª–∞–≤–Ω—ã–µ –∏–¥–µ–∏ –ª—É—á—à–∏—Ö –∫–Ω–∏–≥
395740,34786,534,0,1493,–ü–†–û–ë–õ–ï–ú–ê –í–û–°–ö–†–ï–®–Å–ù–ù–û–ì–û –ú–û–ó–ì–ê | —Ä—É–±—Ä–∏–∫–∞ –í–ñ–£–• | –∫–Ω–∏–≥–∞ The Idea of the Brain,2020-09-26T10:59:03Z,üå† –†—É–±—Ä–∏–∫–∞ –í–ñ–£–•. –ì–ª–∞–≤–Ω—ã–µ –∏–¥–µ–∏ –ª—É—á—à–∏—Ö –∫–Ω–∏–≥
181070,16013,284,0,1001,–¶–ò–§–†–û–í–ê–Ø –ü–†–û–ë–õ–ï–ú–ê –ú–û–ó–ì–ê | —Ä—É–±—Ä–∏–∫–∞ –í–ñ–£–• | –∫–Ω–∏–≥–∞ The Idea of the Brain,2020-10-23T20:15:58Z,üå† –†—É–±—Ä–∏–∫–∞ –í–ñ–£–•. –ì–ª–∞–≤–Ω—ã–µ –∏–¥–µ–∏ –ª—É—á—à–∏—Ö –∫–Ω–∏–≥
111360,9451,288,0,469,–ì–ª–∞–≤–Ω—ã–π –º–∏—Ñ –æ –ø–æ–≤–µ–¥–µ–Ω–∏–∏ –ª—é–¥–µ–π –≤–æ –≤—Ä–µ–º—è –∫–∞—Ç–∞—Å—Ç—Ä–æ—Ñ | –í–ª–∞–¥ –ì–æ–Ω—á–∞—Ä—É–∫,2020-06-04T16:52:55Z,–í–ª–∞–¥ –ì–æ–Ω—á–∞—Ä—É–∫
111360,9451,288,0,469,–ì–ª–∞–≤–Ω—ã–π –º–∏—Ñ –æ –ø–æ–≤–µ–¥–µ–Ω–∏–∏ –ª—é–¥–µ–π –≤–æ –≤—Ä–µ–º—è –∫–∞—Ç–∞—Å—Ç—Ä–æ—Ñ | –í–ª–∞–¥ –ì–æ–Ω—á–∞—Ä—É–∫,2020-06-04T16:53:17Z,–í–ª–∞–¥ –ì–æ–Ω—á–∞—Ä—É–∫
713620,60645,2050,0,2729,"–û–ø–∞—Å–Ω—ã–µ –æ—à–∏–±–∫–∏, –∫–æ—Ç–æ—Ä—ã–µ –º—ã –Ω–µ –∑–∞–º–µ—á–∞–µ–º | –í–ñ–£–•",2020-06-17T22:32:06Z,–í–ª–∞–¥ –ì–æ–Ω—á–∞—Ä—É–∫
508860,31185,1717,0,3716,–ß—Ç–æ –Ω–∞–º –±—É–¥—É—Ç –∫–æ–ª–æ—Ç—å?,2020-06-25T15:03:01Z,–í–ª–∞–¥ –ì–æ–Ω—á–∞—Ä—É–∫
561054,34317,1443,0,1000,"–†–µ–∞–ª—å–Ω—ã–µ –∑–∞–≥–∞–¥–æ—á–Ω—ã–µ –º–µ—Å—Ç–∞, –∫—É–¥–∞ –Ω–∏–∫–æ–≥–¥–∞ –Ω–µ –ø–æ–ø–∞—Å—Ç—å | –ü–£–®–ö–ê",2020-07-08T10:02:49Z,–í–ª–∞–¥ –ì–æ–Ω—á–∞—Ä—É–∫
233061,16476,477,0,1272,–ü—Ä–æ—Å—Ç–∞—è –º–∞–Ω–∏–ø—É–ª—è—Ü–∏—è –ø–æ–¥—Å–æ–∑–Ω–∞–Ω–∏–µ–º,2020-07-30T15:30:49Z,–í–ª–∞–¥ –ì–æ–Ω—á–∞—Ä—É–∫
401188,31541,920,0,1311,–§–ò–ó–ò–ö–ò –í–ü–ï–†–í–´–ï –î–û–ë–´–õ–ò –ò–ó –°–í–ï–¢–ê –ú–ê–¢–ï–†–ò–Æ | –ü–£–®–ö–ê,2020-09-17T19:56:01Z,–í–ª–∞–¥ –ì–æ–Ω—á–∞—Ä—É–∫
395740,34786,534,0,1493,–ü–†–û–ë–õ–ï–ú–ê –í–û–°–ö–†–ï–®–Å–ù–ù–û–ì–û –ú–û–ó–ì–ê | —Ä—É–±—Ä–∏–∫–∞ –í–ñ–£–• | –∫–Ω–∏–≥–∞ The Idea of the Brain,2020-09-26T10:59:03Z,–í–ª–∞–¥ –ì–æ–Ω—á–∞—Ä—É–∫
181070,16013,284,0,1001,–¶–ò–§–†–û–í–ê–Ø –ü–†–û–ë–õ–ï–ú–ê –ú–û–ó–ì–ê | —Ä—É–±—Ä–∏–∫–∞ –í–ñ–£–• | –∫–Ω–∏–≥–∞ The Idea of the Brain,2020-10-23T20:15:58Z,–í–ª–∞–¥ –ì–æ–Ω—á–∞—Ä—É–∫
355278,30228,824,0,995,–£—á—ë–Ω—ã–µ –æ–∂–∏–≤–∏–ª–∏ –¥—Ä–µ–≤–Ω–∏—Ö —á–µ—Ä–≤–µ–π –≤ –≤–µ—á–Ω–æ–π –º–µ—Ä–∑–ª–æ—Ç–µ –°–∏–±–∏—Ä–∏ | –ü–£–®–ö–ê,2020-11-13T10:45:58Z,–í–ª–∞–¥ –ì–æ–Ω—á–∞—Ä—É–∫
133307,17541,174,0,1227,–ö–ê–ö –§–ê–†–ú–ë–ò–ó–ù–ï–° –°–ö–†–´–í–ê–ï–¢ –ü–†–û–ë–õ–ï–ú–´,2020-11-25T12:58:17Z,–í–ª–∞–¥ –ì–æ–Ω—á–∞—Ä—É–∫
125162,17384,875,0,2058,"–ß–¢–û, –ï–°–õ–ò –û–¢–ú–ï–ù–ò–¢–¨ –°–¢–ê–ù–î–ê–†–¢–ù–´–ï –®–ö–û–õ–´?",2020-12-13T08:44:45Z,–í–ª–∞–¥ –ì–æ–Ω—á–∞—Ä—É–∫
280196,24504,842,0,1315,–í—Å–ø—ã—à–∫–∞ –Ω–µ–∏–∑–≤–µ—Å—Ç–Ω–æ–π –±–æ–ª–µ–∑–Ω–∏. –ù–∞ —ç—Ç–æ—Ç —Ä–∞–∑ –≤ –ò–Ω–¥–∏–∏,2020-12-16T12:48:31Z,–í–ª–∞–¥ –ì–æ–Ω—á–∞—Ä—É–∫
440852,61657,1605,0,7646,–ó–ê –ù–ê–ú–ò –ü–†–ò–®–õ–ò (–≤—Ä–µ–º–µ–Ω–Ω—ã–π —Ä–æ–ª–∏–∫ –¥–ª—è —Å–≤–æ–∏—Ö),2021-01-18T19:15:56Z,–í–ª–∞–¥ –ì–æ–Ω—á–∞—Ä—É–∫
438871,38184,1029,0,1296,–û—Ç–∫—Ä—ã—Ç–æ –Ω–æ–≤–æ–µ –°–û–°–¢–û–Ø–ù–ò–ï –í–ï–©–ï–°–¢–í–ê | –ü—É—à–∫–∞,2021-01-21T17:38:06Z,–í–ª–∞–¥ –ì–æ–Ω—á–∞—Ä—É–∫
240176,22342,399,0,1406,–ú–∞—à–∏–Ω–∞ —Å–æ–∑–¥–∞–ª–∞ –≥–µ–Ω–æ–º –ù–û–í–û–ì–û –ß–ï–õ–û–í–ï–ö–ê | –ü—É—à–∫–∞,2021-02-12T17:51:06Z,–í–ª–∞–¥ –ì–æ–Ω—á–∞—Ä—É–∫
331925,23597,511,0,2808,–õ—é–¥–∏ –í –û–°–û–ó–ù–ê–ù–ù–û–ú –°–ù–ï –≤—ã—à–ª–∏ –Ω–∞ —Å–≤—è–∑—å | –ü—É—à–∫–∞,2021-02-23T16:49:44Z,–í–ª–∞–¥ –ì–æ–Ω—á–∞—Ä—É–∫
748521,62559,844,0,2049,–ü—Ä–æ–∫–ª—è—Ç–∏–µ –≤–∞–≤–∏–ª–æ–Ω—Å–∫–æ–π –±–∞—à–Ω–∏: —á—Ç–æ –Ω–µ–≤–æ–∑–º–æ–∂–Ω–æ —Å–∫–∞–∑–∞—Ç—å | –ê—Ä—Ç—É—Ä –®–∞—Ä–∏—Ñ–æ–≤,2020-08-24T12:57:28Z,Up Great - –¢–µ—Ö–Ω–æ–ª–æ–≥–∏—á–µ—Å–∫–∏–µ –∫–æ–Ω–∫—É—Ä—Å—ã
701410,52311,1015,0,2101,–°–∞–º–∞—è —Å–ª–æ–∂–Ω–∞—è –¥–ª—è –º–∞—à–∏–Ω –∑–∞–¥–∞—á–∞ | –ê—Ä—Ç—É—Ä –®–∞—Ä–∏—Ñ–æ–≤,2020-05-12T15:50:19Z,Up Great - –¢–µ—Ö–Ω–æ–ª–æ–≥–∏—á–µ—Å–∫–∏–µ –∫–æ–Ω–∫—É—Ä—Å—ã
326063,25062,447,0,1525,–¢–≤–æ–µ –ë–£–î–£–©–ï–ï –≤ –º–∏—Ä–µ –†–ï–ê–õ–¨–ù–û–ì–û –ò–ò | –ê—Ä—Ç—É—Ä –®–∞—Ä–∏—Ñ–æ–≤,2020-05-12T16:20:31Z,Up Great - –¢–µ—Ö–Ω–æ–ª–æ–≥–∏—á–µ—Å–∫–∏–µ –∫–æ–Ω–∫—É—Ä—Å—ã
401612,23375,640,0,679,–ü—Ä–æ–∫–ª—è—Ç–∏–µ –∏–∑–æ–±—Ä–µ—Ç–∞—Ç–µ–ª–µ–π | feat. –ê—Ä—Ç—É—Ä –®–∞—Ä–∏—Ñ–æ–≤,2020-05-12T16:20:31Z,Up Great - –¢–µ—Ö–Ω–æ–ª–æ–≥–∏—á–µ—Å–∫–∏–µ –∫–æ–Ω–∫—É—Ä—Å—ã
401204,21193,553,0,783,–ë–µ—Å—ã –±–µ—Å–ø–∏–ª–æ—Ç–Ω–∏–∫–æ–≤ | feat. –ê—Ä—Ç—É—Ä –®–∞—Ä–∏—Ñ–æ–≤,2020-05-12T16:20:31Z,Up Great - –¢–µ—Ö–Ω–æ–ª–æ–≥–∏—á–µ—Å–∫–∏–µ –∫–æ–Ω–∫—É—Ä—Å—ã
72121,6049,225,0,340,–Ø–¥–µ—Ä–Ω–∞—è –∫—Ä–∏–º–∏–Ω–∞–ª–∏—Å—Ç–∏–∫–∞ | –†–æ–º–∞–Ω –õ–∞–∞—Å,2020-03-28T20:37:29Z,‚ò¢Ô∏è –Ø–¥–µ—Ä–Ω—ã–π –õ–∞–∞—Å ‚ò¢Ô∏è
322315,23745,815,0,2062,"""–ó–µ–ª—ë–Ω–∞—è"" –õ–û–í–£–®–ö–ê —è–¥–µ—Ä–Ω–æ–π —ç–Ω–µ—Ä–≥–∏–∏",2020-03-28T20:38:00Z,‚ò¢Ô∏è –Ø–¥–µ—Ä–Ω—ã–π –õ–∞–∞—Å ‚ò¢Ô∏è
72780,5633,95,0,402,–ó–∞—á–µ–º —Å–æ–∑–¥–∞–≤–∞–ª—Å—è —ç—Ç–æ—Ç —è–¥–µ—Ä–Ω—ã–π —Ä–µ–∞–∫—Ç–æ—Ä?,2020-04-16T12:37:39Z,‚ò¢Ô∏è –Ø–¥–µ—Ä–Ω—ã–π –õ–∞–∞—Å ‚ò¢Ô∏è
152589,14953,264,0,1381,"–û–ù–ò –•–û–¢–Ø–¢, –ß–¢–û–ë–´ –ú–´ –ú–û–õ–ß–ê–õ–ò | –ß–∞—Å—Ç–Ω–æ–µ –º–Ω–µ–Ω–∏–µ // –ê–ª–µ–∫—Å–∞–Ω–¥—Ä –ü–∞–Ω—á–∏–Ω",2019-09-12T07:32:01Z,–ß–ê–°–¢–ù–û–ï –ú–ù–ï–ù–ò–ï
135041,10295,591,0,1943,–ë–∏–±–ª–∏—è –ü–†–ê–í–ê... –≤ –º—É–ª—å—Ç–∏–≤—Å–µ–ª–µ–Ω–Ω–æ–π | –ß–∞—Å—Ç–Ω–æ–µ –º–Ω–µ–Ω–∏–µ // –ê–ª–µ–∫—Å–∞–Ω–¥—Ä –ü–∞–Ω—á–∏–Ω,2019-10-17T09:05:19Z,–ß–ê–°–¢–ù–û–ï –ú–ù–ï–ù–ò–ï
76617,5807,286,0,879,–ü–æ—á–µ–º—É –Ω—É–∂–Ω—ã –ì–£–ú–ê–ù–ò–¢–ê–†–ò–ò? | –∞—Å—Ç—Ä–æ—Ñ–∏–∑–∏–∫ –°–µ—Ä–≥–µ–π –ü–æ–ø–æ–≤ / –ß–∞—Å—Ç–Ω–æ–µ –º–Ω–µ–Ω–∏–µ,2019-12-10T12:06:35Z,–ß–ê–°–¢–ù–û–ï –ú–ù–ï–ù–ò–ï
49860,3197,189,0,380,–ü–æ—á–µ–º—É —è –Ω–µ –±–æ—é—Å—å –∏ –ª—é–±–ª—é —Å–æ–≤—Ä–µ–º–µ–Ω–Ω–æ–µ –∏—Å–∫—É—Å—Å—Ç–≤–æ –∏ —Ñ–∏–ª–æ—Å–æ—Ñ–∏—é | –°–µ—Ä–≥–µ–π –ü–æ–ø–æ–≤. –ß–∞—Å—Ç–Ω–æ–µ –º–Ω–µ–Ω–∏–µ,2020-03-06T10:08:52Z,–ß–ê–°–¢–ù–û–ï –ú–ù–ï–ù–ò–ï
176356,16595,261,0,688,"–ù–µ–∏–∑–≤–µ—Å—Ç–Ω—ã–π –æ—Ç–µ—Ü —ç–ª–µ–∫—Ç—Ä–æ–Ω–∏–∫–∏ | ""–ò–∑–º–µ–Ω–∏–≤—à–∏–µ –º–∏—Ä"" —Å –ê—Ä—Ç—É—Ä–æ–º –®–∞—Ä–∏—Ñ–æ–≤—ã–º",2019-07-04T19:36:16Z,–ò–∑–º–µ–Ω–∏–≤—à–∏–µ –º–∏—Ä
68659,7013,252,0,662,–ü–æ—á–µ–º—É —Å–µ–∫—Å –ø—Ä–∏—à–ª–æ—Å—å –∏–∑–æ–±—Ä–µ—Ç–∞—Ç—å –ó–ê–ù–û–í–û | –ê—Ä—Ç—É—Ä –®–∞—Ä–∏—Ñ–æ–≤,2021-02-18T13:16:15Z,–ê—Ä—Ç—É—Ä –®–∞—Ä–∏—Ñ–æ–≤
53924,4305,486,0,591,–ü–æ–µ—Ö–∞—Ç—å —É—á–∏—Ç—å—Å—è –∑–∞ –≥—Ä–∞–Ω–∏—Ü—É. –û–ø—ã—Ç –º–æ–ª–æ–¥—ã—Ö —É—á—ë–Ω—ã—Ö | –ê—Ä—Ç—É—Ä –®–∞—Ä–∏—Ñ–æ–≤,2021-01-12T15:09:57Z,–ê—Ä—Ç—É—Ä –®–∞—Ä–∏—Ñ–æ–≤
325301,32128,658,0,1436,–ü–æ—á–µ–º—É –≤–∏—Ä—É—Å—ã –ø–æ—á—Ç–∏ –Ω–µ–ø–æ–±–µ–¥–∏–º—ã | –ê—Ä—Ç—É—Ä –®–∞—Ä–∏—Ñ–æ–≤ & SciOne,2020-08-29T07:17:04Z,–ê—Ä—Ç—É—Ä –®–∞—Ä–∏—Ñ–æ–≤
748521,62559,844,0,2049,–ü—Ä–æ–∫–ª—è—Ç–∏–µ –≤–∞–≤–∏–ª–æ–Ω—Å–∫–æ–π –±–∞—à–Ω–∏: —á—Ç–æ –Ω–µ–≤–æ–∑–º–æ–∂–Ω–æ —Å–∫–∞–∑–∞—Ç—å | –ê—Ä—Ç—É—Ä –®–∞—Ä–∏—Ñ–æ–≤,2020-08-24T12:57:28Z,–ê—Ä—Ç—É—Ä –®–∞—Ä–∏—Ñ–æ–≤
701410,52311,1015,0,2101,–°–∞–º–∞—è —Å–ª–æ–∂–Ω–∞—è –¥–ª—è –º–∞—à–∏–Ω –∑–∞–¥–∞—á–∞ | –ê—Ä—Ç—É—Ä –®–∞—Ä–∏—Ñ–æ–≤,2020-05-12T15:50:19Z,–ê—Ä—Ç—É—Ä –®–∞—Ä–∏—Ñ–æ–≤
382486,27731,740,0,1229,–ü—Ä–µ–¥—Å–∫–∞–∑–∞–Ω–∏–µ –•–ê–û–°–ê,2019-12-31T11:43:24Z,–ê—Ä—Ç—É—Ä –®–∞—Ä–∏—Ñ–æ–≤
326063,25062,447,0,1525,–¢–≤–æ–µ –ë–£–î–£–©–ï–ï –≤ –º–∏—Ä–µ –†–ï–ê–õ–¨–ù–û–ì–û –ò–ò | –ê—Ä—Ç—É—Ä –®–∞—Ä–∏—Ñ–æ–≤,2019-12-22T16:49:45Z,–ê—Ä—Ç—É—Ä –®–∞—Ä–∏—Ñ–æ–≤
552645,38643,908,0,1471,–ö–∞–∫ –ù–ï –ù–ê–î–û –∏–∑–æ–±—Ä–µ—Ç–∞—Ç—å (feat. –ù–∏–∫–æ–ª–∞ –¢–µ—Å–ª–∞)  | –ê—Ä—Ç—É—Ä –®–∞—Ä–∏—Ñ–æ–≤,2019-10-28T11:43:57Z,–ê—Ä—Ç—É—Ä –®–∞—Ä–∏—Ñ–æ–≤
517576,40190,1270,0,1666,–ö–æ–≥–¥–∞ —á–µ–ª–æ–≤–µ—á–µ—Å—Ç–≤–æ –ø—Ä–æ—Å–Ω—É–ª–æ—Å—å. –≠—Ç–æ –±—ã–ª–æ –Ω–µ –Ω–∞–≤—Å–µ–≥–¥–∞ | –ê—Ä—Ç—É—Ä –®–∞—Ä–∏—Ñ–æ–≤,2019-09-25T18:24:38Z,–ê—Ä—Ç—É—Ä –®–∞—Ä–∏—Ñ–æ–≤
176356,16595,261,0,688,"–ù–µ–∏–∑–≤–µ—Å—Ç–Ω—ã–π –æ—Ç–µ—Ü —ç–ª–µ–∫—Ç—Ä–æ–Ω–∏–∫–∏ | ""–ò–∑–º–µ–Ω–∏–≤—à–∏–µ –º–∏—Ä"" —Å –ê—Ä—Ç—É—Ä–æ–º –®–∞—Ä–∏—Ñ–æ–≤—ã–º",2019-07-04T19:13:55Z,–ê—Ä—Ç—É—Ä –®–∞—Ä–∏—Ñ–æ–≤
279406,26443,401,0,927,–ü—Ä–µ–¥—Å–∫–∞–∑–∞–Ω–∏—è –∏–∑ –º–∞—à–∏–Ω—ã | –ê—Ä—Ç—É—Ä –®–∞—Ä–∏—Ñ–æ–≤,2019-06-30T20:05:11Z,–ê—Ä—Ç—É—Ä –®–∞—Ä–∏—Ñ–æ–≤
496383,41243,1008,0,1401,"–ò—Å–∫—É—Å—Å—Ç–≤–æ, –æ–ø–µ—Ä–µ–¥–∏–≤—à–µ–µ –Ω–∞—É–∫—É | –ê—Ä—Ç—É—Ä –®–∞—Ä–∏—Ñ–æ–≤",2019-06-19T18:30:38Z,–ê—Ä—Ç—É—Ä –®–∞—Ä–∏—Ñ–æ–≤
912701,62121,2099,0,3121,–°–æ–Ω –∫–∞–∫ –æ—à–∏–±–∫–∞ | feat. –ê—Ä—Ç—É—Ä –®–∞—Ä–∏—Ñ–æ–≤,2019-05-30T12:19:03Z,–ê—Ä—Ç—É—Ä –®–∞—Ä–∏—Ñ–æ–≤
192015,14868,523,0,724,"–ß—Ç–æ, –µ—Å–ª–∏ –±—ã –°—Ç–∏–≤ –î–∂–æ–±—Å –ø—Ä–æ–¥–∞–≤–∞–ª —è–¥–µ—Ä–Ω—ã–µ —Ä–µ–∞–∫—Ç–æ—Ä—ã",2019-05-30T12:19:03Z,–ê—Ä—Ç—É—Ä –®–∞—Ä–∏—Ñ–æ–≤
533545,38264,623,0,1122,–¢–∞–∫ –ø–æ—è–≤–∏–ª—Å—è –ò–Ω—Ç–µ—Ä–Ω–µ—Ç | feat. –ê—Ä—Ç—É—Ä –®–∞—Ä–∏—Ñ–æ–≤,2019-05-30T12:19:03Z,–ê—Ä—Ç—É—Ä –®–∞—Ä–∏—Ñ–æ–≤
538750,34558,653,0,1083,–ü–µ—Ä–≤–∞—è –≤ –∏—Å—Ç–æ—Ä–∏–∏ —Ñ–æ—Ç–æ–≥—Ä–∞—Ñ–∏—è | feat. –ê—Ä—Ç—É—Ä –®–∞—Ä–∏—Ñ–æ–≤,2019-05-30T12:19:03Z,–ê—Ä—Ç—É—Ä –®–∞—Ä–∏—Ñ–æ–≤
401612,23375,640,0,679,–ü—Ä–æ–∫–ª—è—Ç–∏–µ –∏–∑–æ–±—Ä–µ—Ç–∞—Ç–µ–ª–µ–π | feat. –ê—Ä—Ç—É—Ä –®–∞—Ä–∏—Ñ–æ–≤,2019-05-30T12:19:03Z,–ê—Ä—Ç—É—Ä –®–∞—Ä–∏—Ñ–æ–≤
401204,21193,553,0,783,–ë–µ—Å—ã –±–µ—Å–ø–∏–ª–æ—Ç–Ω–∏–∫–æ–≤ | feat. –ê—Ä—Ç—É—Ä –®–∞—Ä–∏—Ñ–æ–≤,2019-05-30T12:19:03Z,–ê—Ä—Ç—É—Ä –®–∞—Ä–∏—Ñ–æ–≤
331930,23597,511,0,2808,–õ—é–¥–∏ –í –û–°–û–ó–ù–ê–ù–ù–û–ú –°–ù–ï –≤—ã—à–ª–∏ –Ω–∞ —Å–≤—è–∑—å | –ü—É—à–∫–∞,2021-02-23T16:49:44Z,üî´ —Ä—É–±—Ä–∏–∫–∞ –ü–£–®–ö–ê. –û—Ç–±–æ—Ä–Ω—ã–µ –Ω–æ–≤–æ—Å—Ç–∏ –Ω–∞—É–∫–∏ –∏ —Ç–µ—Ö–Ω–æ–ª–æ–≥–∏–π
240176,22342,399,0,1406,–ú–∞—à–∏–Ω–∞ —Å–æ–∑–¥–∞–ª–∞ –≥–µ–Ω–æ–º –ù–û–í–û–ì–û –ß–ï–õ–û–í–ï–ö–ê | –ü—É—à–∫–∞,2021-02-12T17:51:06Z,üî´ —Ä—É–±—Ä–∏–∫–∞ –ü–£–®–ö–ê. –û—Ç–±–æ—Ä–Ω—ã–µ –Ω–æ–≤–æ—Å—Ç–∏ –Ω–∞—É–∫–∏ –∏ —Ç–µ—Ö–Ω–æ–ª–æ–≥–∏–π
438871,38184,1029,0,1296,–û—Ç–∫—Ä—ã—Ç–æ –Ω–æ–≤–æ–µ –°–û–°–¢–û–Ø–ù–ò–ï –í–ï–©–ï–°–¢–í–ê | –ü—É—à–∫–∞,2021-01-21T17:38:06Z,üî´ —Ä—É–±—Ä–∏–∫–∞ –ü–£–®–ö–ê. –û—Ç–±–æ—Ä–Ω—ã–µ –Ω–æ–≤–æ—Å—Ç–∏ –Ω–∞—É–∫–∏ –∏ —Ç–µ—Ö–Ω–æ–ª–æ–≥–∏–π
280196,24504,842,0,1315,–í—Å–ø—ã—à–∫–∞ –Ω–µ–∏–∑–≤–µ—Å—Ç–Ω–æ–π –±–æ–ª–µ–∑–Ω–∏. –ù–∞ —ç—Ç–æ—Ç —Ä–∞–∑ –≤ –ò–Ω–¥–∏–∏,2020-12-16T12:48:31Z,üî´ —Ä—É–±—Ä–∏–∫–∞ –ü–£–®–ö–ê. –û—Ç–±–æ—Ä–Ω—ã–µ –Ω–æ–≤–æ—Å—Ç–∏ –Ω–∞—É–∫–∏ –∏ —Ç–µ—Ö–Ω–æ–ª–æ–≥–∏–π
355278,30228,824,0,995,–£—á—ë–Ω—ã–µ –æ–∂–∏–≤–∏–ª–∏ –¥—Ä–µ–≤–Ω–∏—Ö —á–µ—Ä–≤–µ–π –≤ –≤–µ—á–Ω–æ–π –º–µ—Ä–∑–ª–æ—Ç–µ –°–∏–±–∏—Ä–∏ | –ü–£–®–ö–ê,2020-11-13T10:45:58Z,üî´ —Ä—É–±—Ä–∏–∫–∞ –ü–£–®–ö–ê. –û—Ç–±–æ—Ä–Ω—ã–µ –Ω–æ–≤–æ—Å—Ç–∏ –Ω–∞—É–∫–∏ –∏ —Ç–µ—Ö–Ω–æ–ª–æ–≥–∏–π
401188,31541,920,0,1311,–§–ò–ó–ò–ö–ò –í–ü–ï–†–í–´–ï –î–û–ë–´–õ–ò –ò–ó –°–í–ï–¢–ê –ú–ê–¢–ï–†–ò–Æ | –ü–£–®–ö–ê,2020-09-17T19:56:01Z,üî´ —Ä—É–±—Ä–∏–∫–∞ –ü–£–®–ö–ê. –û—Ç–±–æ—Ä–Ω—ã–µ –Ω–æ–≤–æ—Å—Ç–∏ –Ω–∞—É–∫–∏ –∏ —Ç–µ—Ö–Ω–æ–ª–æ–≥–∏–π
561054,34317,1443,0,1000,"–†–µ–∞–ª—å–Ω—ã–µ –∑–∞–≥–∞–¥–æ—á–Ω—ã–µ –º–µ—Å—Ç–∞, –∫—É–¥–∞ –Ω–∏–∫–æ–≥–¥–∞ –Ω–µ –ø–æ–ø–∞—Å—Ç—å | –ü–£–®–ö–ê",2020-07-08T10:02:50Z,üî´ —Ä—É–±—Ä–∏–∫–∞ –ü–£–®–ö–ê. –û—Ç–±–æ—Ä–Ω—ã–µ –Ω–æ–≤–æ—Å—Ç–∏ –Ω–∞—É–∫–∏ –∏ —Ç–µ—Ö–Ω–æ–ª–æ–≥–∏–π
201236,13825,552,0,496,–ü–∏–∫ —ç–ø–∏–¥–µ–º–∏–∏ - —Å–æ–≤—Å–µ–º –Ω–µ –ø–∏–∫ | –ü—É—à–∫–∞,2020-03-25T17:28:19Z,üî´ —Ä—É–±—Ä–∏–∫–∞ –ü–£–®–ö–ê. –û—Ç–±–æ—Ä–Ω—ã–µ –Ω–æ–≤–æ—Å—Ç–∏ –Ω–∞—É–∫–∏ –∏ —Ç–µ—Ö–Ω–æ–ª–æ–≥–∏–π
148032,9364,241,0,316,–ß–µ—Ç–≤—ë—Ä—Ç–æ–µ –∏–∑–º–µ—Ä–µ–Ω–∏–µ —Ç—ë–º–Ω–æ–π —ç–Ω–µ—Ä–≥–∏–∏ –∏ –ø—Ä–æ—á–∏–π –∫–æ—Å–º–æ—Å | –ü—É—à–∫–∞ #05,2019-10-10T11:21:56Z,üî´ —Ä—É–±—Ä–∏–∫–∞ –ü–£–®–ö–ê. –û—Ç–±–æ—Ä–Ω—ã–µ –Ω–æ–≤–æ—Å—Ç–∏ –Ω–∞—É–∫–∏ –∏ —Ç–µ—Ö–Ω–æ–ª–æ–≥–∏–π
79081,4545,145,0,172,"–ö–∞–º–Ω–∏-–∞–Ω—Ç–∏–≥—Ä–∞–≤—ã, –°–°–°–† –≤ –º–æ–¥–µ, –∫–æ—Å–º–æ–ø–∞—Ä—É—Å –Ω–∞ –æ—Ä–±–∏—Ç–µ | –ü—É—à–∫–∞ #04 (16+)",2019-06-28T11:52:51Z,üî´ —Ä—É–±—Ä–∏–∫–∞ –ü–£–®–ö–ê. –û—Ç–±–æ—Ä–Ω—ã–µ –Ω–æ–≤–æ—Å—Ç–∏ –Ω–∞—É–∫–∏ –∏ —Ç–µ—Ö–Ω–æ–ª–æ–≥–∏–π
69185,5936,234,0,276,"–ò–≥—Ä–∞ –ø—Ä–µ—Å—Ç–æ–ª–æ–≤ –ø–æ –Ω–∞—É–∫–µ, –ø–∞–¥–∞–≤–∞–Ω—ã –ú–∞—Å–∫–∞ –∏ –∑–≤–µ—Ä–∏–Ω–æ–µ —Ä–µ–∞–ª–∏—Ç–∏ | –ü—É—à–∫–∞ #03",2019-05-25T19:25:50Z,üî´ —Ä—É–±—Ä–∏–∫–∞ –ü–£–®–ö–ê. –û—Ç–±–æ—Ä–Ω—ã–µ –Ω–æ–≤–æ—Å—Ç–∏ –Ω–∞—É–∫–∏ –∏ —Ç–µ—Ö–Ω–æ–ª–æ–≥–∏–π
82606,8445,91,0,239,"–ú–∏–∫—Ä–æ—Ä–æ–±–æ—Ç—ã –±–µ–∑ –≤—Å–µ–≥–æ, –±–∏–æ–ª–æ–≥–∏—è –¥–æ–±—Ä–∞ –∏ –∑–ª–∞, –º–∞—à–∏–Ω–∞ –≤—Ä–µ–º–µ–Ω–∏ | –ü—É—à–∫–∞ #02",2019-05-12T14:17:56Z,üî´ —Ä—É–±—Ä–∏–∫–∞ –ü–£–®–ö–ê. –û—Ç–±–æ—Ä–Ω—ã–µ –Ω–æ–≤–æ—Å—Ç–∏ –Ω–∞—É–∫–∏ –∏ —Ç–µ—Ö–Ω–æ–ª–æ–≥–∏–π
72161,8265,75,0,360,"–•–∏—â–Ω—ã–π –∏–º–º—É–Ω–∏—Ç–µ—Ç, –º–∞–Ω–∏–ø—É–ª—è—Ü–∏—è –Æ—Ç—É–±–æ–º, –æ–±–º–∞–Ω-–≥—Ä–∞–≤–∏—Ç–∞—Ü–∏—è | –ü—É—à–∫–∞ #01",2019-05-05T18:32:24Z,üî´ —Ä—É–±—Ä–∏–∫–∞ –ü–£–®–ö–ê. –û—Ç–±–æ—Ä–Ω—ã–µ –Ω–æ–≤–æ—Å—Ç–∏ –Ω–∞—É–∫–∏ –∏ —Ç–µ—Ö–Ω–æ–ª–æ–≥–∏–π
78375,4428,67,0,623,"–ö—Ä—É—á–µ –±–∏–æ–ª–æ–≥–∏—è –∏–ª–∏ —Ñ–∏–∑–∏–∫–∞, —Ä–µ–∞–ª—å–Ω–∞—è –∂–∏–∑–Ω—å —É—á—ë–Ω–æ–≥–æ | –ó–æ–Ω–∞ –ë—Ä–æ–∫–∞ // —Ç–æ–∫-—à–æ—É –ê–ª–µ–∫—Å–∞–Ω–¥—Ä–∞ –ü–∞–Ω—á–∏–Ω–∞ (–ø–∏–ª–æ—Ç)",2019-05-05T18:20:31Z,üß† üí¨ –ó–æ–Ω–∞ –ë—Ä–æ–∫–∞ // —Ç–æ–∫-—à–æ—É –ê–ª–µ–∫—Å–∞–Ω–¥—Ä–∞ –ü–∞–Ω—á–∏–Ω–∞
72455,3466,75,0,373,"–ú–µ–¥–∏—Ü–∏–Ω–∞ –Ω–µ —Ç–æ, —á–µ–º –∫–∞–∂–µ—Ç—Å—è | –ó–æ–Ω–∞ –ë—Ä–æ–∫–∞ // —Ç–æ–∫-—à–æ—É –ê–ª–µ–∫—Å–∞–Ω–¥—Ä–∞ –ü–∞–Ω—á–∏–Ω–∞",2019-05-05T18:20:31Z,üß† üí¨ –ó–æ–Ω–∞ –ë—Ä–æ–∫–∞ // —Ç–æ–∫-—à–æ—É –ê–ª–µ–∫—Å–∞–Ω–¥—Ä–∞ –ü–∞–Ω—á–∏–Ω–∞
172372,6062,1083,0,1424,–ù–∞—É—á–Ω–∞ –ª–∏ –ø—Å–∏—Ö–æ–ª–æ–≥–∏—è –∏ —á—Ç–æ –Ω–µ —Ç–∞–∫ —Å –ø—Å–∏—Ö–æ—Ç–µ—Ä–∞–ø–∏–µ–π | –ó–æ–Ω–∞ –ë—Ä–æ–∫–∞ // —Ç–æ–∫-—à–æ—É –ê–ª–µ–∫—Å–∞–Ω–¥—Ä–∞ –ü–∞–Ω—á–∏–Ω–∞,2019-06-02T13:56:48Z,üß† üí¨ –ó–æ–Ω–∞ –ë—Ä–æ–∫–∞ // —Ç–æ–∫-—à–æ—É –ê–ª–µ–∫—Å–∞–Ω–¥—Ä–∞ –ü–∞–Ω—á–∏–Ω–∞
45551,3191,56,0,465,–ù–æ–≤—ã–π –º–æ–∑–≥ –∏–∑ –∫–æ–∂–∏ —Å –ø–æ–º–æ—â—å—é –í–ò–ß | –ó–æ–Ω–∞ –ë—Ä–æ–∫–∞ // —Ç–æ–∫-—à–æ—É –ê–ª–µ–∫—Å–∞–Ω–¥—Ä–∞ –ü–∞–Ω—á–∏–Ω–∞,2019-06-20T20:54:57Z,üß† üí¨ –ó–æ–Ω–∞ –ë—Ä–æ–∫–∞ // —Ç–æ–∫-—à–æ—É –ê–ª–µ–∫—Å–∞–Ω–¥—Ä–∞ –ü–∞–Ω—á–∏–Ω–∞
147770,6559,857,0,1573,"–û –ø—Ä–∞–≤–¥–µ –∏ –ª–∂–∏ ""–ß–µ—Ä–Ω–æ–±—ã–ª—è"": —É—á–µ–Ω—ã–π, –¥–≤–∞ –∏–Ω–∂–µ–Ω–µ—Ä–∞, –∏—Å—Ç–æ—Ä–∏–∫ | –ó–æ–Ω–∞ –ë—Ä–æ–∫–∞ // –ø–æ–¥–∫–∞—Å—Ç –ê–ª–µ–∫—Å–∞–Ω–¥—Ä–∞ –ü–∞–Ω—á–∏–Ω–∞",2019-07-25T16:02:11Z,üß† üí¨ –ó–æ–Ω–∞ –ë—Ä–æ–∫–∞ // —Ç–æ–∫-—à–æ—É –ê–ª–µ–∫—Å–∞–Ω–¥—Ä–∞ –ü–∞–Ω—á–∏–Ω–∞
62081,3114,96,0,576,"–ó–æ–Ω–∞ –ë—Ä–æ–∫–∞ | –ü—Ä–æ–∏—Å—Ö–æ–∂–¥–µ–Ω–∏–µ —è–∑—ã–∫–∞, —ç–≤–æ–ª—é—Ü–∏—è —Å–ª–æ–≤, –≥–µ–Ω–∏–π –ó–∞–ª–∏–∑–Ω—è–∫ | –ø–æ–¥–∫–∞—Å—Ç –ê–ª–µ–∫—Å–∞–Ω–¥—Ä–∞ –ü–∞–Ω—á–∏–Ω–∞",2019-11-04T08:01:09Z,üß† üí¨ –ó–æ–Ω–∞ –ë—Ä–æ–∫–∞ // —Ç–æ–∫-—à–æ—É –ê–ª–µ–∫—Å–∞–Ω–¥—Ä–∞ –ü–∞–Ω—á–∏–Ω–∞
53281,2786,78,0,522,¬´–ü–µ—Ä–≤—ã–µ –≤ –†–æ—Å—Å–∏–∏ –ì–ú–û-–¥–µ—Ç–∏¬ª | –ó–æ–Ω–∞ –ë—Ä–æ–∫–∞,2020-01-13T09:56:00Z,üß† üí¨ –ó–æ–Ω–∞ –ë—Ä–æ–∫–∞ // —Ç–æ–∫-—à–æ—É –ê–ª–µ–∫—Å–∞–Ω–¥—Ä–∞ –ü–∞–Ω—á–∏–Ω–∞
505555,25476,1395,0,1290,–ü—Ä–æ–∏—Å—Ö–æ–∂–¥–µ–Ω–∏–µ –ë–ï–°–ö–û–ù–ï–ß–ù–û–ô –Ω–µ—Ñ—Ç–∏,2020-02-05T17:22:31Z,–ò–≤–∞–Ω –õ–æ–∑–æ–≤–æ–π
191503,13352,1380,0,1471,–ß—Ç–æ –∂–¥—ë—Ç –Ω–µ—Ñ—Ç—å | –ò–≤–∞–Ω –õ–æ–∑–æ–≤–æ–π,2019-12-26T13:24:40Z,–ò–≤–∞–Ω –õ–æ–∑–æ–≤–æ–π
139332,9784,198,0,479,8 –ø—Ä–∏—á–∏–Ω —Ä–∞–∑–≤–æ–¥–∏—Ç—å –ë–ê–ö–¢–ï–†–ò–ò | –ò–≤–∞–Ω –õ–æ–∑–æ–≤–æ–π,2019-12-15T12:00:11Z,–ò–≤–∞–Ω –õ–æ–∑–æ–≤–æ–π
140074,11057,272,0,458,3 –ú–ò–§–ê –û –ù–ê–ù–û–¢–ï–•–ù–û–õ–û–ì–ò–Ø–• | –ò–≤–∞–Ω –õ–æ–∑–æ–≤–æ–π,2019-12-02T02:49:18Z,–ò–≤–∞–Ω –õ–æ–∑–æ–≤–æ–π
349528,18930,533,0,1642,–ù–∞–≤—Å–µ–≥–¥–∞ –ø—Ä–æ–∏–≥—Ä–∞–Ω–Ω–∞—è –ë–ò–¢–í–ê –≠–ö–°–¢–†–ê–°–ï–ù–°–û–í | SciOne –∏ –ü—Ä–µ–º–∏—è –∏–º–µ–Ω–∏ –ì–∞—Ä—Ä–∏ –ì—É–¥–∏–Ω–∏,2019-11-10T21:50:02Z,–ò–≤–∞–Ω –õ–æ–∑–æ–≤–æ–π
106771,8201,621,0,583,–°–∞–º—ã–π —Ç—Ä—É–¥–Ω—ã–π —Å–ø–æ—Å–æ–± —Ä–µ—à–∞—Ç—å —Å–∞–º—ã–µ —Å–ª–æ–∂–Ω—ã–µ –ø—Ä–æ–±–ª–µ–º—ã | –ò–≤–∞–Ω –õ–æ–∑–æ–≤–æ–π,2019-07-17T00:26:48Z,–ò–≤–∞–Ω –õ–æ–∑–æ–≤–æ–π
176579,12708,886,0,1063,–õ–∏—à–Ω–∏–µ –∞–≤—Ç–æ–º–æ–±–∏–ª–∏—Å—Ç—ã | –ò–≤–∞–Ω –õ–æ–∑–æ–≤–æ–π,2019-04-20T17:08:47Z,–ò–≤–∞–Ω –õ–æ–∑–æ–≤–æ–π
1023163,44338,4873,0,7996,–ö–∞–∫ –≤–∑–ª–æ–º–∞—Ç—å –º–∏—Ä-—Å–∏–º—É–ª—è—Ü–∏—é | –ò–≤–∞–Ω –õ–æ–∑–æ–≤–æ–π,2019-04-20T17:12:57Z,–ò–≤–∞–Ω –õ–æ–∑–æ–≤–æ–π
Private video,2019-04-20T17:12:57Z,–ò–≤–∞–Ω –õ–æ–∑–æ–≤–æ–π
517507,29140,771,0,1119,–°–∞–º—ã–π —Å–æ–≤–µ—Ä—à–µ–Ω–Ω—ã–π –º–∞—Ç–µ—Ä–∏–∞–ª | –ò–≤–∞–Ω –õ–æ–∑–æ–≤–æ–π,2019-04-20T17:12:57Z,–ò–≤–∞–Ω –õ–æ–∑–æ–≤–æ–π
85066,8260,239,0,507,–û—Ç —ç—Ç–æ–π –ø–µ—Å–Ω–∏ –≥–∞—Å–Ω–µ—Ç –æ–≥–æ–Ω—å | –ò–≤–∞–Ω –õ–æ–∑–æ–≤–æ–π,2019-04-20T17:12:57Z,–ò–≤–∞–Ω –õ–æ–∑–æ–≤–æ–π
65154,7881,63,0,269,–£–¥–∏–≤–∏—Ç–µ–ª—å–Ω–∞—è –∏—Å—Ç–æ—Ä–∏—è –°—Ç–∏–≤–µ–Ω–∞ –•–æ–∫–∏–Ω–≥–∞ | –ò–≤–∞–Ω –õ–æ–∑–æ–≤–æ–π,2019-04-20T17:12:57Z,–ò–≤–∞–Ω –õ–æ–∑–æ–≤–æ–π
104012,10535,118,0,402,–°–∫–æ–ª—å–∫–æ –≤–∏—Ä—É—Å–æ–≤ –≤ –æ–±—ã—á–Ω–æ–º –¥–æ–∂–¥–µ | –ò–≤–∞–Ω –õ–æ–∑–æ–≤–æ–π,2019-04-20T17:12:57Z,–ò–≤–∞–Ω –õ–æ–∑–æ–≤–æ–π
187766,13466,243,0,674,5 –∑–∞–≥–∞–¥–æ–∫ –ø–æ—è–≤–ª–µ–Ω–∏—è –í—Å–µ–ª–µ–Ω–Ω–æ–π | –ò–≤–∞–Ω –õ–æ–∑–æ–≤–æ–π,2019-04-20T17:12:57Z,–ò–≤–∞–Ω –õ–æ–∑–æ–≤–æ–π
148236,13652,250,0,840,–í–æ–π–Ω–∞ —Å –∫–æ—Ä—Ä—É–ø—Ü–∏–µ–π –Ω–∞ –æ–ø–µ—Ä–µ–∂–µ–Ω–∏–µ: –Ω–∞—É—á–Ω—ã–π –ø–æ–¥—Ö–æ–¥ | –ò–≤–∞–Ω –õ–æ–∑–æ–≤–æ–π,2019-04-20T17:12:57Z,–ò–≤–∞–Ω –õ–æ–∑–æ–≤–æ–π
49477,4349,120,0,314,–ú–µ—á—Ç—ã –æ–± –ò–ò –ø—Ä–æ—Ç–∏–≤ —Ä–µ–∞–ª—å–Ω–æ—Å—Ç–∏ | –¢–æ—á–∫–∞ –≤—Ö–æ–¥–∞,2019-04-20T17:12:57Z,–ò–≤–∞–Ω –õ–æ–∑–æ–≤–æ–π
12009,1264,23,0,52,–ü—Ä–∏—Å–æ–µ–¥–∏–Ω—è–π—Å—è –∫ SciOne! –ü–æ–º–æ–≥–∏ —Å–æ–∑–¥–∞—Ç—å –±–æ–ª—å—à–µ –Ω–∞—É—á–Ω–æ-–ø–æ–ø—É–ª—è—Ä–Ω—ã—Ö —Ä–æ–ª–∏–∫–æ–≤!,2019-04-20T17:12:57Z,–ò–≤–∞–Ω –õ–æ–∑–æ–≤–æ–π
23929,3527,27,0,166,–ë–æ–ª—å—à–∏–µ –∫–∞–Ω–∏–∫—É–ª—ã,2019-04-20T17:12:57Z,–ò–≤–∞–Ω –õ–æ–∑–æ–≤–æ–π
429049,29824,1086,0,2667,–ü–û–ß–ï–ú–£ –ê–°–¢–†–û–õ–û–ì–ò–Ø –ù–ï –†–ê–ë–û–¢–ê–ï–¢? | –ò–≤–∞–Ω –õ–æ–∑–æ–≤–æ–π,2019-04-20T17:12:57Z,–ò–≤–∞–Ω –õ–æ–∑–æ–≤–æ–π
238551,24820,432,0,919,–ü–û–ß–ï–ú–£ –ù–ê–°–ò–õ–ò–Ø –í–°–Å –ë–û–õ–¨–®–ï? | –ò–≤–∞–Ω –õ–æ–∑–æ–≤–æ–π,2019-04-20T17:12:57Z,–ò–≤–∞–Ω –õ–æ–∑–æ–≤–æ–π
13524,1890,31,0,52,"–° –Ω–æ–≤—ã–º –≥–æ–¥–æ–º, –¥—Ä—É–∑—å—è! | –ü—Ä–æ–º–µ–∂—É—Ç–æ—á–Ω—ã–µ –∏—Ç–æ–≥–∏",2019-04-20T17:12:57Z,–ò–≤–∞–Ω –õ–æ–∑–æ–≤–æ–π
183518,13639,393,0,678,"–ö–ê–ö –õ–ï–ß–ò–¢–¨–°–Ø –°–ò–õ–û–ô –ú–´–°–õ–ò: –í–ï–†–ê, –¶–ï–õ–ò–¢–ï–õ–ò, –ü–õ–ê–¶–ï–ë–û, –ì–û–ú–ï–û–ü–ê–¢–ò–Ø | –ò–≤–∞–Ω –õ–æ–∑–æ–≤–æ–π",2019-04-20T17:12:57Z,–ò–≤–∞–Ω –õ–æ–∑–æ–≤–æ–π
402841,29798,489,0,1095,–ö–ê–ö –û–ë–ú–ê–ù–´–í–ê–Æ–¢ –ü–û–õ–ò–¢–ò–ö–ò | –ò–≤–∞–Ω –õ–æ–∑–æ–≤–æ–π,2019-04-20T17:12:57Z,–ò–≤–∞–Ω –õ–æ–∑–æ–≤–æ–π
77066,6962,65,0,267,"–í–ê–®–ï –¢–ï–õ–û: –ß–ê–°–¢–ò–¶–´, –û –ö–û–¢–û–†–´–• –í–´ –ù–ï –ó–ê–î–£–ú–´–í–ê–ï–¢–ï–°–¨ | –ò–≤–∞–Ω –õ–æ–∑–æ–≤–æ–π",2019-04-20T17:12:57Z,–ò–≤–∞–Ω –õ–æ–∑–æ–≤–æ–π
80766,2691,91,0,197,–ë–ò–¢–í–´ –í –ö–û–°–ú–û–°–ï. –†–µ–∞–ª—å–Ω—ã–µ –∑–≤–µ–∑–¥–Ω—ã–µ –≤–æ–π–Ω—ã | –ö–û–°–ú–û–°,2019-04-20T17:12:57Z,–ò–≤–∞–Ω –õ–æ–∑–æ–≤–æ–π
242132,12061,624,0,694,–ü–æ—á—Ç–∏ –≤–µ—á–Ω–∞—è –±–∞—Ç–∞—Ä–µ–π–∫–∞ –ø–æ—á—Ç–∏ –¥–∞—Ä–æ–º | feat. –î–º–∏—Ç—Ä–∏–π –ü–æ–±–µ–¥–∏–Ω—Å–∫–∏–π,2018-12-13T12:42:56Z,–°–ø–µ—Ü–ø—Ä–æ–µ–∫—Ç: –≤–≤–µ–¥–µ–Ω–∏–µ –≤ –Ω–∞–Ω–æ—Ç–µ—Ö–Ω–æ–ª–æ–≥–∏–∏
57230,4014,109,0,155,–ù–∞–Ω–æ–ª–µ–∫–∞—Ä—Å—Ç–≤–∞: —ç—Ç–æ –≤–æ–æ–±—â–µ –∑–∞–∫–æ–Ω–Ω–æ? | feat. –î–º–∏—Ç—Ä–∏–π –ü–æ–±–µ–¥–∏–Ω—Å–∫–∏–π,2018-12-13T12:43:05Z,–°–ø–µ—Ü–ø—Ä–æ–µ–∫—Ç: –≤–≤–µ–¥–µ–Ω–∏–µ –≤ –Ω–∞–Ω–æ—Ç–µ—Ö–Ω–æ–ª–æ–≥–∏–∏
106645,7408,239,0,388,–ß—Ç–æ –º–æ–≥—É—Ç 3D-–ø—Ä–∏–Ω—Ç–µ—Ä—ã | feat. –î–º–∏—Ç—Ä–∏–π –ü–æ–±–µ–¥–∏–Ω—Å–∫–∏–π,2018-12-13T12:43:13Z,–°–ø–µ—Ü–ø—Ä–æ–µ–∫—Ç: –≤–≤–µ–¥–µ–Ω–∏–µ –≤ –Ω–∞–Ω–æ—Ç–µ—Ö–Ω–æ–ª–æ–≥–∏–∏
137709,7000,123,0,185,–ò–∑ –≠–¢–û–ì–û —Å–æ–∑–¥–∞—é—Ç –Ω–æ–≤—ã–µ —Ç–µ—Ö–Ω–æ–ª–æ–≥–∏–∏ | feat. –î–º–∏—Ç—Ä–∏–π –ü–æ–±–µ–¥–∏–Ω—Å–∫–∏–π,2018-12-13T12:43:20Z,–°–ø–µ—Ü–ø—Ä–æ–µ–∫—Ç: –≤–≤–µ–¥–µ–Ω–∏–µ –≤ –Ω–∞–Ω–æ—Ç–µ—Ö–Ω–æ–ª–æ–≥–∏–∏
136830,8069,97,0,434,–°–≤–µ—Ä—Ö—Å–ø–æ—Å–æ–±–Ω–æ—Å—Ç–∏ –Ω–∞ –ø–æ–≤–µ—Ä—Ö–Ω–æ—Å—Ç–∏ | feat. –î–º–∏—Ç—Ä–∏–π –ü–æ–±–µ–¥–∏–Ω—Å–∫–∏–π,2018-12-25T10:07:18Z,–°–ø–µ—Ü–ø—Ä–æ–µ–∫—Ç: –≤–≤–µ–¥–µ–Ω–∏–µ –≤ –Ω–∞–Ω–æ—Ç–µ—Ö–Ω–æ–ª–æ–≥–∏–∏
601336,27771,871,0,1178,–ù–µ–∏–∑–±–µ–∂–Ω—ã–π —Ç—É–ø–∏–∫ –Ω–∞—à–µ–π —É–º–Ω–æ–π —Ç–µ—Ö–Ω–∏–∫–∏ | feat. –î–º–∏—Ç—Ä–∏–π –ü–æ–±–µ–¥–∏–Ω—Å–∫–∏–π,2018-12-25T10:07:26Z,–°–ø–µ—Ü–ø—Ä–æ–µ–∫—Ç: –≤–≤–µ–¥–µ–Ω–∏–µ –≤ –Ω–∞–Ω–æ—Ç–µ—Ö–Ω–æ–ª–æ–≥–∏–∏
741525,39355,2866,0,3518,–ß—Ç–æ –Ω–µ —Ç–∞–∫ —Å –ê–õ–¨–¢–ï–†–ù–ê–¢–ò–í–ù–û–ô —ç–Ω–µ—Ä–≥–∏–µ–π? | –î–º–∏—Ç—Ä–∏–π –ü–æ–±–µ–¥–∏–Ω—Å–∫–∏–π,2019-09-28T12:16:22Z,–°–ø–µ—Ü–ø—Ä–æ–µ–∫—Ç: –≤–≤–µ–¥–µ–Ω–∏–µ –≤ –Ω–∞–Ω–æ—Ç–µ—Ö–Ω–æ–ª–æ–≥–∏–∏
492004,32654,953,0,2513,–§–ê–¢–ê–õ–¨–ù–´–ô –±–∞–≥ ¬´–∑–µ–ª—ë–Ω–æ–π¬ª —ç–Ω–µ—Ä–≥–∏–∏ | –î–º–∏—Ç—Ä–∏–π –ü–æ–±–µ–¥–∏–Ω—Å–∫–∏–π,2019-10-13T20:32:40Z,–°–ø–µ—Ü–ø—Ä–æ–µ–∫—Ç: –≤–≤–µ–¥–µ–Ω–∏–µ –≤ –Ω–∞–Ω–æ—Ç–µ—Ö–Ω–æ–ª–æ–≥–∏–∏
215055,21828,176,0,754,–ü–û–ß–ï–ú–£ –†–ê–î–ò–ê–¶–ò–Ø –õ–ï–ß–ò–¢ | –î–º–∏—Ç—Ä–∏–π –ü–æ–±–µ–¥–∏–Ω—Å–∫–∏–π,2020-10-21T06:40:29Z,–°–ø–µ—Ü–ø—Ä–æ–µ–∫—Ç: –≤–≤–µ–¥–µ–Ω–∏–µ –≤ –Ω–∞–Ω–æ—Ç–µ—Ö–Ω–æ–ª–æ–≥–∏–∏
419183,25738,513,0,1088,"–¢–µ—Ö–Ω–æ–ª–æ–≥–∏–∏, –≤ –∫–æ—Ç–æ—Ä—ã–µ –∑—Ä—è –Ω–∏–∫—Ç–æ –Ω–µ –≤–µ—Ä–∏–ª | –î–º–∏—Ç—Ä–∏–π –ü–æ–±–µ–¥–∏–Ω—Å–∫–∏–π",2020-10-31T12:30:56Z,–°–ø–µ—Ü–ø—Ä–æ–µ–∫—Ç: –≤–≤–µ–¥–µ–Ω–∏–µ –≤ –Ω–∞–Ω–æ—Ç–µ—Ö–Ω–æ–ª–æ–≥–∏–∏
184815,13126,108,0,674,–§–∞–Ω—Ç–æ–º—ã –∏ –∫–æ—à–º–∞—Ä—ã | –ê–ª–µ–∫—Å–∞–Ω–¥—Ä –ü–∞–Ω—á–∏–Ω,2018-06-25T10:54:31Z,üßô –ó–∞—â–∏—Ç–∞ –æ—Ç —Ç–µ–º–Ω—ã—Ö –∏—Å–∫—É—Å—Å—Ç–≤ üîÆ
249419,14915,355,0,1402,–í—ã—Ö–æ–¥ –∏–∑ —Ç–µ–ª–∞ –∏ –æ–∫–æ–ª–æ—Å–º–µ—Ä—Ç–Ω—ã–π –æ–ø—ã—Ç | –ê–ª–µ–∫—Å–∞–Ω–¥—Ä –ü–∞–Ω—á–∏–Ω,2018-06-25T10:54:31Z,üßô –ó–∞—â–∏—Ç–∞ –æ—Ç —Ç–µ–º–Ω—ã—Ö –∏—Å–∫—É—Å—Å—Ç–≤ üîÆ
243920,17329,337,0,1025,–ü—Ä–æ–∫–ª—è—Ç—ã–µ –∏ –æ–¥–µ—Ä–∂–∏–º—ã–µ | –ê–ª–µ–∫—Å–∞–Ω–¥—Ä –ü–∞–Ω—á–∏–Ω,2018-06-25T10:54:31Z,üßô –ó–∞—â–∏—Ç–∞ –æ—Ç —Ç–µ–º–Ω—ã—Ö –∏—Å–∫—É—Å—Å—Ç–≤ üîÆ
241916,15390,209,0,793,–û–±–º–∞–Ω –ø–∞–º—è—Ç–∏ | –ê–ª–µ–∫—Å–∞–Ω–¥—Ä –ü–∞–Ω—á–∏–Ω,2018-06-25T10:54:31Z,üßô –ó–∞—â–∏—Ç–∞ –æ—Ç —Ç–µ–º–Ω—ã—Ö –∏—Å–∫—É—Å—Å—Ç–≤ üîÆ
281094,19215,256,0,1931,–ü–æ–¥–ª–∞—è –ø—Ä–∏—Ä–æ–¥–∞ —Å–∞–º–æ–æ–±–º–∞–Ω–∞ | –ê–ª–µ–∫—Å–∞–Ω–¥—Ä –ü–∞–Ω—á–∏–Ω,2018-06-25T10:54:31Z,üßô –ó–∞—â–∏—Ç–∞ –æ—Ç —Ç–µ–º–Ω—ã—Ö –∏—Å–∫—É—Å—Å—Ç–≤ üîÆ
310526,24426,432,0,1810,"–í–µ—Ä—É—é, –∏–±–æ –ø–æ–∫–∞–∑–∞–ª–æ—Å—å | –ê–ª–µ–∫—Å–∞–Ω–¥—Ä –ü–∞–Ω—á–∏–Ω",2018-07-23T00:11:54Z,üßô –ó–∞—â–∏—Ç–∞ –æ—Ç —Ç–µ–º–Ω—ã—Ö –∏—Å–∫—É—Å—Å—Ç–≤ üîÆ
219738,15035,330,0,1062,–†–µ–∞–ª—å–Ω–∞—è –º–∞–≥–∏—è –∏ –µ–µ —Å–µ–∫—Ä–µ—Ç—ã | –ê–ª–µ–∫—Å–∞–Ω–¥—Ä –ü–∞–Ω—á–∏–Ω,2018-08-02T12:59:34Z,üßô –ó–∞—â–∏—Ç–∞ –æ—Ç —Ç–µ–º–Ω—ã—Ö –∏—Å–∫—É—Å—Å—Ç–≤ üîÆ
208129,15108,164,0,622,–°–∞–º–∏ —Å–µ–±–µ –Ω–µ —Ö–æ–∑—è–µ–≤–∞ | –ê–ª–µ–∫—Å–∞–Ω–¥—Ä –ü–∞–Ω—á–∏–Ω,2018-08-26T07:40:18Z,üßô –ó–∞—â–∏—Ç–∞ –æ—Ç —Ç–µ–º–Ω—ã—Ö –∏—Å–∫—É—Å—Å—Ç–≤ üîÆ
188858,15780,229,0,784,–ü–ª–∞–≥–∏–∞—Ç —á—É–¥–µ—Å | –ê–ª–µ–∫—Å–∞–Ω–¥—Ä –ü–∞–Ω—á–∏–Ω,2019-01-15T12:10:58Z,üßô –ó–∞—â–∏—Ç–∞ –æ—Ç —Ç–µ–º–Ω—ã—Ö –∏—Å–∫—É—Å—Å—Ç–≤ üîÆ
155972,14329,291,0,869,–ó–æ–º–±–∏ —Å—Ä–µ–¥–∏ –Ω–∞—Å | –ê–ª–µ–∫—Å–∞–Ω–¥—Ä –ü–∞–Ω—á–∏–Ω,2019-01-15T08:18:05Z,üßô –ó–∞—â–∏—Ç–∞ –æ—Ç —Ç–µ–º–Ω—ã—Ö –∏—Å–∫—É—Å—Å—Ç–≤ üîÆ
189066,15345,367,0,1742,"–¢–æ—Ç, –∫–æ–≥–æ –ù–ï–õ–¨–ó–Ø –Ω–∞–∑—ã–≤–∞—Ç—å | –ê–ª–µ–∫—Å–∞–Ω–¥—Ä –ü–∞–Ω—á–∏–Ω",2019-09-29T11:59:28Z,üßô –ó–∞—â–∏—Ç–∞ –æ—Ç —Ç–µ–º–Ω—ã—Ö –∏—Å–∫—É—Å—Å—Ç–≤ üîÆ
349528,18930,533,0,1642,–ù–∞–≤—Å–µ–≥–¥–∞ –ø—Ä–æ–∏–≥—Ä–∞–Ω–Ω–∞—è –ë–ò–¢–í–ê –≠–ö–°–¢–†–ê–°–ï–ù–°–û–í | SciOne –∏ –ü—Ä–µ–º–∏—è –∏–º–µ–Ω–∏ –ì–∞—Ä—Ä–∏ –ì—É–¥–∏–Ω–∏,2019-11-10T21:50:02Z,üßô –ó–∞—â–∏—Ç–∞ –æ—Ç —Ç–µ–º–Ω—ã—Ö –∏—Å–∫—É—Å—Å—Ç–≤ üîÆ
112898,9814,195,0,694,–ë–ï–°–û–í–°–ö–ê–Ø –Ω–∞—É–∫–∞ | –ê–ª–µ–∫—Å–∞–Ω–¥—Ä –ü–∞–Ω—á–∏–Ω,2020-02-25T15:41:45Z,üßô –ó–∞—â–∏—Ç–∞ –æ—Ç —Ç–µ–º–Ω—ã—Ö –∏—Å–∫—É—Å—Å—Ç–≤ üîÆ
42817,3756,64,0,265,–†–∞–∫ –ø–æ –Ω–∞—Å–ª–µ–¥—Å—Ç–≤—É,2018-06-12T06:09:38Z,–û–Ω–∫–æ–ª–æ–≥–∏—è
87461,4812,83,0,389,–°—Ç—Ä–∞—à–Ω–æ –Ω–µ –∑–Ω–∞—Ç—å: –ø—Ä–æ—Ñ–∏–ª–∞–∫—Ç–∏–∫–∞ —Ä–∞–∫–∞ | –≠–∫—Å–ø–µ—Ä—Ç –≤ –æ—Ç–≤–µ—Ç–µ,2018-06-12T06:09:38Z,–û–Ω–∫–æ–ª–æ–≥–∏—è
48931,2754,49,0,154,–°—Ç—Ä–∞—à–Ω–æ –Ω–µ –∑–Ω–∞—Ç—å: –ª–µ—á–µ–Ω–∏–µ —Ä–∞–∫–∞ | –≠–∫—Å–ø–µ—Ä—Ç –≤ –æ—Ç–≤–µ—Ç–µ,2018-06-12T06:09:38Z,–û–Ω–∫–æ–ª–æ–≥–∏—è
54127,3849,62,0,198,–≠—Ç–æ —Å—Ç–æ–∏—Ç –∑–Ω–∞—Ç—å –ø—Ä–æ —Ä–∞–∫ | –≠–∫—Å–ø–µ—Ä—Ç –≤ –æ—Ç–≤–µ—Ç–µ,2018-06-12T06:09:38Z,–û–Ω–∫–æ–ª–æ–≥–∏—è
88229,7346,95,0,454,–ì–ª–∞–≤–Ω—ã–π —É–±–∏–π—Ü–∞ –∂–µ–Ω—â–∏–Ω,2018-10-25T13:22:37Z,–û–Ω–∫–æ–ª–æ–≥–∏—è
73650,7253,47,0,356,9 –≤—Ä–µ–¥–Ω—ã—Ö –º–∏—Ñ–æ–≤ –æ —Ä–∞–∫–µ,2018-12-06T13:01:18Z,–û–Ω–∫–æ–ª–æ–≥–∏—è
72455,3466,75,0,373,"–ú–µ–¥–∏—Ü–∏–Ω–∞ –Ω–µ —Ç–æ, —á–µ–º –∫–∞–∂–µ—Ç—Å—è | –ó–æ–Ω–∞ –ë—Ä–æ–∫–∞ // —Ç–æ–∫-—à–æ—É –ê–ª–µ–∫—Å–∞–Ω–¥—Ä–∞ –ü–∞–Ω—á–∏–Ω–∞",2019-04-26T11:11:12Z,–û–Ω–∫–æ–ª–æ–≥–∏—è
88646,6031,311,0,749,"–ö–∞–∫ —Å–≤—è–∑–∞–Ω—ã –°–û–î–ê, –†–ê–ö, –°–ê–•–ê–† | –ú–∞—Ä–∏—è –ö–æ–Ω–¥—Ä–∞—Ç–æ–≤–∞",2020-03-19T16:01:16Z,–û–Ω–∫–æ–ª–æ–≥–∏—è
369157,33028,555,0,1397,–ù–µ —Å–æ—Ç–≤–æ—Ä–∏ —Å–µ–±–µ –∞–≤—Ç–æ—Ä–∏—Ç–µ—Ç–∞ | TrashSmash & SciOne,2018-06-06T12:02:45Z,–í–∞–ª–µ–Ω—Ç–∏–Ω –ö–æ–Ω–æ–Ω
560318,43352,1346,0,1535,–Ø–∑—ã–∫ –æ–ø—Ä–µ–¥–µ–ª—è–µ—Ç –º—ã—à–ª–µ–Ω–∏–µ?,2018-06-06T12:03:14Z,–í–∞–ª–µ–Ω—Ç–∏–Ω –ö–æ–Ω–æ–Ω
638807,48278,1002,0,1183,–í–´ –≠–¢–û –ù–ò–ö–û–ì–î–ê –ù–ï –£–í–ò–î–ò–¢–ï –ò –ù–ï –£–°–õ–´–®–ò–¢–ï,2018-06-06T12:03:38Z,–í–∞–ª–µ–Ω—Ç–∏–Ω –ö–æ–Ω–æ–Ω
375200,34134,1038,0,2193,–í–∞–º —Ç–æ–ª—å–∫–æ –∫–∞–∂–µ—Ç—Å—è | feat. TrashSmash,2018-07-26T12:58:46Z,–í–∞–ª–µ–Ω—Ç–∏–Ω –ö–æ–Ω–æ–Ω
200586,21035,351,0,744,–¶–≤–µ—Ç—ã –∏–Ω—ã—Ö –º–∏—Ä–æ–≤ | TrashSmash,2018-09-01T16:38:34Z,–í–∞–ª–µ–Ω—Ç–∏–Ω –ö–æ–Ω–æ–Ω
189598,20351,541,0,806,–ê–ø–æ–∫–∞–ª–∏–ø—Å–∏—Å –∑–∞–≤—Ç—Ä–∞ | TrashSmash (–í–∞–ª–µ–Ω—Ç–∏–Ω –ö–æ–Ω–æ–Ω),2019-04-29T07:42:22Z,–í–∞–ª–µ–Ω—Ç–∏–Ω –ö–æ–Ω–æ–Ω
127921,13942,408,0,628,–°–æ–∑–¥–∞–≤–∞—è –∞–ø–æ–∫–∞–ª–∏–ø—Å–∏—Å | TrashSmash (–í–∞–ª–µ–Ω—Ç–∏–Ω –ö–æ–Ω–æ–Ω),2019-05-18T08:11:27Z,–í–∞–ª–µ–Ω—Ç–∏–Ω –ö–æ–Ω–æ–Ω
285635,14808,263,0,753,–°–ê–ú–´–ï –í–ê–ñ–ù–´–ï –ò–î–ï–ò –û –ü–†–ê–í–ò–õ–¨–ù–û–ú –ú–´–®–õ–ï–ù–ò–ò | –ö–û–í–ß–ï–ì –ò–î–ï–ô,2018-01-17T09:21:35Z,"–ë–ª–∏—Ü-–∫—É—Ä—Å –ø–æ –ª–æ–≥–∏–∫–µ –¥–ª—è –∑–∞–Ω—è—Ç—ã—Ö, –Ω—É, –∏–ª–∏ –ª–µ–Ω–∏–≤—ã—Ö"
72378,5107,230,0,411,–°–∏–ª–∞ –ª–æ–≥–∏–∫–∏ –≤ —Ä–µ–∞–ª—å–Ω–æ–π –∂–∏–∑–Ω–∏ | –ë–ª–∏—Ü-–∫—É—Ä—Å –ª–æ–≥–∏–∫–∏,2018-01-17T09:21:53Z,"–ë–ª–∏—Ü-–∫—É—Ä—Å –ø–æ –ª–æ–≥–∏–∫–µ –¥–ª—è –∑–∞–Ω—è—Ç—ã—Ö, –Ω—É, –∏–ª–∏ –ª–µ–Ω–∏–≤—ã—Ö"
47126,4266,78,0,294,–ó–∞–∫–æ–Ω –ª–æ–≥–∏–∫–∏: —Ç–æ–∂–¥–µ—Å—Ç–≤–æ | –ë–ª–∏—Ü-–∫—É—Ä—Å –ª–æ–≥–∏–∫–∏,2018-01-24T12:51:58Z,"–ë–ª–∏—Ü-–∫—É—Ä—Å –ø–æ –ª–æ–≥–∏–∫–µ –¥–ª—è –∑–∞–Ω—è—Ç—ã—Ö, –Ω—É, –∏–ª–∏ –ª–µ–Ω–∏–≤—ã—Ö"
638071,42165,953,0,3233,4 –∑–∞–∫–æ–Ω–∞ –ª–æ–≥–∏–∫–∏ | –î–º–∏—Ç—Ä–∏–π –ì—É—Å–µ–≤,2019-03-23T13:29:13Z,"–ë–ª–∏—Ü-–∫—É—Ä—Å –ø–æ –ª–æ–≥–∏–∫–µ –¥–ª—è –∑–∞–Ω—è—Ç—ã—Ö, –Ω—É, –∏–ª–∏ –ª–µ–Ω–∏–≤—ã—Ö"
96788,7541,63,0,286,–ú–æ–∑–≥ –∏ –µ–¥–∞ | –ö—Ç–æ –∑–¥–µ—Å—å –≥–ª–∞–≤–Ω—ã–π? [1 —Å–µ—Ä–∏—è],2017-11-18T16:02:35Z,–ö—Ç–æ –∑–¥–µ—Å—å –≥–ª–∞–≤–Ω—ã–π?
54652,4357,41,0,161,–ú–æ–∑–≥ –∏ –Ω–æ–≤–∞—è –∏–Ω—Ñ–æ—Ä–º–∞—Ü–∏—è | –ö—Ç–æ –∑–¥–µ—Å—å –≥–ª–∞–≤–Ω—ã–π? [2 —Å–µ—Ä–∏—è],2017-11-18T16:02:35Z,–ö—Ç–æ –∑–¥–µ—Å—å –≥–ª–∞–≤–Ω—ã–π?
61353,4552,57,0,223,"–†–æ–¥–∏—Ç–µ–ª–∏ –∏ –¥–µ—Ç–∏: –º–æ–∑–≥, –ø–æ–≤–µ–¥–µ–Ω–∏–µ, —Ä–∞–∑–≤–∏—Ç–∏–µ",2018-01-12T18:18:49Z,–ö—Ç–æ –∑–¥–µ—Å—å –≥–ª–∞–≤–Ω—ã–π?
44035,3740,49,0,217,–ú–æ–∑–≥ –∏ –ª—é–±–æ–≤—å | –ö—Ç–æ –∑–¥–µ—Å—å –≥–ª–∞–≤–Ω—ã–π? [4 —Å–µ—Ä–∏—è],2018-01-12T18:19:20Z,–ö—Ç–æ –∑–¥–µ—Å—å –≥–ª–∞–≤–Ω—ã–π?
36720,3039,30,0,146,–ú–æ–∑–≥ –∏ —Å—Ç—Ä–∞—Ö | –ö—Ç–æ –∑–¥–µ—Å—å –≥–ª–∞–≤–Ω—ã–π? [3 —Å–µ—Ä–∏—è],2018-01-12T18:19:35Z,–ö—Ç–æ –∑–¥–µ—Å—å –≥–ª–∞–≤–Ω—ã–π?
42387,3317,47,0,166,–ê–≥—Ä–µ—Å—Å–∏—è –∏ –º–æ–∑–≥: —Å–∞–º–æ–µ –≤–∞–∂–Ω–æ–µ,2018-06-25T19:46:02Z,–ö—Ç–æ –∑–¥–µ—Å—å –≥–ª–∞–≤–Ω—ã–π?
45754,4588,28,0,137,"–ö–∞–∫ –º—ã –ø–æ–Ω–∏–º–∞–µ–º, —á—Ç–æ —á—É–≤—Å—Ç–≤—É—é—Ç –¥—Ä—É–≥–∏–µ",2018-07-20T12:38:59Z,–ö—Ç–æ –∑–¥–µ—Å—å –≥–ª–∞–≤–Ω—ã–π?
93682,8159,134,0,290,–ú–æ–∑–≥ –ª–∏–¥–µ—Ä–æ–≤ –∏ –ø–æ–¥—á–∏–Ω–µ–Ω–Ω—ã—Ö,2018-07-20T12:38:11Z,–ö—Ç–æ –∑–¥–µ—Å—å –≥–ª–∞–≤–Ω—ã–π?
80591,7394,293,0,668,"–ú–∞—Ä—Å, –∫–æ—Ç–æ—Ä—ã–π –º—ã –Ω–µ —É–º–µ–µ–º —Å—Ç—Ä–æ–∏—Ç—å",2020-05-04T12:20:31Z,–≠–∫—Å–ø–µ—Ä—Ç—ã SciOne
80789,6737,70,0,339,–í–æ–∑–º–æ–∂–Ω–æ—Å—Ç–∏ —É–º–Ω—ã—Ö –º–∞—à–∏–Ω | –û—Ö–æ—Ç–Ω–∏–∫–∏ –∑–∞ –±—É–¥—É—â–∏–º,2017-10-05T13:41:49Z,–û–•–û–¢–ù–ò–ö–ò –ó–ê –ë–£–î–£–©–ò–ú
64576,4850,83,0,222,–ß—Ç–æ –º–µ–Ω—è–µ—Ç—Å—è —Å —Ä–∞–∑–≤–∏—Ç–∏–µ–º —É–º–Ω—ã—Ö –º–∞—à–∏–Ω | –û—Ö–æ—Ç–Ω–∏–∫–∏ –∑–∞ –±—É–¥—É—â–∏–º,2017-10-05T13:41:49Z,–û–•–û–¢–ù–ò–ö–ò –ó–ê –ë–£–î–£–©–ò–ú
131620,6625,289,0,661,–ß–µ–º –æ–ø–∞—Å–µ–Ω –∏—Å–∫—É—Å—Å—Ç–≤–µ–Ω–Ω—ã–π –∏–Ω—Ç–µ–ª–ª–µ–∫—Ç? | –û—Ö–æ—Ç–Ω–∏–∫–∏ –∑–∞ –±—É–¥—É—â–∏–º,2017-10-05T13:41:49Z,–û–•–û–¢–ù–ò–ö–ò –ó–ê –ë–£–î–£–©–ò–ú
62707,3798,211,0,719,"–ß—Ç–æ, –µ—Å–ª–∏ –Ω–µ –∏—Å—Ç–∏–Ω—É, –æ—Ç–∫—Ä—ã–≤–∞–µ—Ç –Ω–∞—É–∫–∞? | –ú–æ–∑–≥–æ–≤–æ–π —à—Ç—É—Ä–º",2017-10-05T13:40:46Z,–≠–∫—Å–ø–µ—Ä—Ç—ã SciOne. –î–º–∏—Ç—Ä–∏–π –ì—É—Å–µ–≤
49647,4502,133,0,641,–ú–æ–∑–≥–æ–≤–æ–π —à—Ç—É—Ä–º: –∏—Å—Ç–∏–Ω–∞ –∏ –Ω–∞—É–∫–∞,2017-10-05T13:40:46Z,–≠–∫—Å–ø–µ—Ä—Ç—ã SciOne. –î–º–∏—Ç—Ä–∏–π –ì—É—Å–µ–≤
86449,6155,92,0,227,–ö–ê–ö –ü–û–ó–ù–ê–í–ê–¢–¨ –ò –ù–ï –û–°–¢–ê–í–ê–¢–¨–°–Ø –í –î–£–†–ê–ö–ê–•,2017-10-05T13:40:46Z,–≠–∫—Å–ø–µ—Ä—Ç—ã SciOne. –î–º–∏—Ç—Ä–∏–π –ì—É—Å–µ–≤
285635,14808,263,0,753,–°–ê–ú–´–ï –í–ê–ñ–ù–´–ï –ò–î–ï–ò –û –ü–†–ê–í–ò–õ–¨–ù–û–ú –ú–´–®–õ–ï–ù–ò–ò | –ö–û–í–ß–ï–ì –ò–î–ï–ô,2017-10-05T13:40:46Z,–≠–∫—Å–ø–µ—Ä—Ç—ã SciOne. –î–º–∏—Ç—Ä–∏–π –ì—É—Å–µ–≤
638071,42165,953,0,3233,4 –∑–∞–∫–æ–Ω–∞ –ª–æ–≥–∏–∫–∏ | –î–º–∏—Ç—Ä–∏–π –ì—É—Å–µ–≤,2019-03-23T13:29:13Z,–≠–∫—Å–ø–µ—Ä—Ç—ã SciOne. –î–º–∏—Ç—Ä–∏–π –ì—É—Å–µ–≤
154472,7848,95,0,391,–°–ê–ú–´–ï –í–ê–ñ–ù–´–ï –ò–î–ï–ò –û –ü–†–û–ò–°–•–û–ñ–î–ï–ù–ò–ò –ß–ï–õ–û–í–ï–ö–ê | –ö–û–í–ß–ï–ì –ò–î–ï–ô,2017-10-05T13:29:59Z,–≠–∫—Å–ø–µ—Ä—Ç—ã SciOne. –°—Ç–∞–Ω–∏—Å–ª–∞–≤ –î—Ä–æ–±—ã—à–µ–≤—Å–∫–∏–π
78205,3710,67,0,247,–ë–´–õ–ò –õ–ò –ö–ê–ù–ù–ò–ë–ê–õ–ê–ú–ò –ù–ê–®–ò –ü–†–ï–î–ö–ò? | IQ,2017-10-05T13:29:59Z,–≠–∫—Å–ø–µ—Ä—Ç—ã SciOne. –°—Ç–∞–Ω–∏—Å–ª–∞–≤ –î—Ä–æ–±—ã—à–µ–≤—Å–∫–∏–π
67434,2552,71,0,122,–ö–ê–ö –û–•–û–¢–ò–õ–ò–°–¨ –î–†–ï–í–ù–ò–ï –õ–Æ–î–ò? | IQ,2017-10-05T13:29:59Z,–≠–∫—Å–ø–µ—Ä—Ç—ã SciOne. –°—Ç–∞–Ω–∏—Å–ª–∞–≤ –î—Ä–æ–±—ã—à–µ–≤—Å–∫–∏–π
49082,3484,60,0,100,–ú–ò–§–´ –û –ú–û–î–ï –î–†–ï–í–ù–ò–• –õ–Æ–î–ï–ô | IQ,2017-10-05T13:29:59Z,–≠–∫—Å–ø–µ—Ä—Ç—ã SciOne. –°—Ç–∞–Ω–∏—Å–ª–∞–≤ –î—Ä–æ–±—ã—à–µ–≤—Å–∫–∏–π
443687,25958,921,0,1727,"–ü–†–ê–í–î–ê –õ–ò, –ß–¢–û –ß–ï–õ–û–í–ï–ß–ï–°–¢–í–û –ì–õ–£–ü–ï–ï–¢? | IQ",2017-10-05T13:29:59Z,–≠–∫—Å–ø–µ—Ä—Ç—ã SciOne. –°—Ç–∞–Ω–∏—Å–ª–∞–≤ –î—Ä–æ–±—ã—à–µ–≤—Å–∫–∏–π
695425,35118,1259,0,1920,–ö–ê–ö–ò–ï –ë–´–õ–ò –ê–õ–¨–¢–ï–†–ù–ê–¢–ò–í–´ –ß–ï–õ–û–í–ï–ß–ï–°–¢–í–£? | IQ,2017-10-05T13:29:59Z,–≠–∫—Å–ø–µ—Ä—Ç—ã SciOne. –°—Ç–∞–Ω–∏—Å–ª–∞–≤ –î—Ä–æ–±—ã—à–µ–≤—Å–∫–∏–π
60244,3103,61,0,311,–ü–†–û–ò–°–•–û–ñ–î–ï–ù–ò–ï –ß–ï–õ–û–í–ï–ö–ê: –ö–û–ì–î–ê –≠–¢–û –°–õ–£–ß–ò–õ–û–°–¨? | IQ,2017-10-05T13:29:59Z,–≠–∫—Å–ø–µ—Ä—Ç—ã SciOne. –°—Ç–∞–Ω–∏—Å–ª–∞–≤ –î—Ä–æ–±—ã—à–µ–≤—Å–∫–∏–π
89138,5123,138,0,374,–ß–ï–õ–û–í–ï–ö ‚Äî –í–ï–†–®–ò–ù–ê –≠–í–û–õ–Æ–¶–ò–ò? | IQ,2017-10-05T13:29:59Z,–≠–∫—Å–ø–µ—Ä—Ç—ã SciOne. –°—Ç–∞–Ω–∏—Å–ª–∞–≤ –î—Ä–æ–±—ã—à–µ–≤—Å–∫–∏–π
147911,7251,235,0,418,–ö–¢–û –°–ö–†–´–í–ê–ï–¢ –ü–†–ê–í–î–£ –û –ü–†–ï–î–ö–ê–• –ß–ï–õ–û–í–ï–ö–ê? | IQ,2017-10-05T13:29:59Z,–≠–∫—Å–ø–µ—Ä—Ç—ã SciOne. –°—Ç–∞–Ω–∏—Å–ª–∞–≤ –î—Ä–æ–±—ã—à–µ–≤—Å–∫–∏–π
125162,17384,875,0,2058,"–ß–¢–û, –ï–°–õ–ò –û–¢–ú–ï–ù–ò–¢–¨ –°–¢–ê–ù–î–ê–†–¢–ù–´–ï –®–ö–û–õ–´?",2020-12-13T15:21:20Z,–≠–∫—Å–ø–µ—Ä—Ç—ã SciOne. –ê–ª–µ–∫—Å–∞–Ω–¥—Ä –ü–∞–Ω—á–∏–Ω
111360,9451,288,0,469,–ì–ª–∞–≤–Ω—ã–π –º–∏—Ñ –æ –ø–æ–≤–µ–¥–µ–Ω–∏–∏ –ª—é–¥–µ–π –≤–æ –≤—Ä–µ–º—è –∫–∞—Ç–∞—Å—Ç—Ä–æ—Ñ | –í–ª–∞–¥ –ì–æ–Ω—á–∞—Ä—É–∫,2020-06-04T17:15:37Z,–≠–∫—Å–ø–µ—Ä—Ç—ã SciOne. –ê–ª–µ–∫—Å–∞–Ω–¥—Ä –ü–∞–Ω—á–∏–Ω
112898,9814,195,0,694,–ë–ï–°–û–í–°–ö–ê–Ø –Ω–∞—É–∫–∞ | –ê–ª–µ–∫—Å–∞–Ω–¥—Ä –ü–∞–Ω—á–∏–Ω,2020-02-25T16:33:01Z,–≠–∫—Å–ø–µ—Ä—Ç—ã SciOne. –ê–ª–µ–∫—Å–∞–Ω–¥—Ä –ü–∞–Ω—á–∏–Ω
53281,2786,78,0,522,¬´–ü–µ—Ä–≤—ã–µ –≤ –†–æ—Å—Å–∏–∏ –ì–ú–û-–¥–µ—Ç–∏¬ª | –ó–æ–Ω–∞ –ë—Ä–æ–∫–∞,2020-01-13T09:56:01Z,–≠–∫—Å–ø–µ—Ä—Ç—ã SciOne. –ê–ª–µ–∫—Å–∞–Ω–¥—Ä –ü–∞–Ω—á–∏–Ω
139332,9784,198,0,479,8 –ø—Ä–∏—á–∏–Ω —Ä–∞–∑–≤–æ–¥–∏—Ç—å –ë–ê–ö–¢–ï–†–ò–ò | –ò–≤–∞–Ω –õ–æ–∑–æ–≤–æ–π,2019-12-15T16:43:01Z,–≠–∫—Å–ø–µ—Ä—Ç—ã SciOne. –ê–ª–µ–∫—Å–∞–Ω–¥—Ä –ü–∞–Ω—á–∏–Ω
62081,3114,96,0,576,"–ó–æ–Ω–∞ –ë—Ä–æ–∫–∞ | –ü—Ä–æ–∏—Å—Ö–æ–∂–¥–µ–Ω–∏–µ —è–∑—ã–∫–∞, —ç–≤–æ–ª—é—Ü–∏—è —Å–ª–æ–≤, –≥–µ–Ω–∏–π –ó–∞–ª–∏–∑–Ω—è–∫ | –ø–æ–¥–∫–∞—Å—Ç –ê–ª–µ–∫—Å–∞–Ω–¥—Ä–∞ –ü–∞–Ω—á–∏–Ω–∞",2019-11-04T08:01:09Z,–≠–∫—Å–ø–µ—Ä—Ç—ã SciOne. –ê–ª–µ–∫—Å–∞–Ω–¥—Ä –ü–∞–Ω—á–∏–Ω
135041,10295,591,0,1943,–ë–∏–±–ª–∏—è –ü–†–ê–í–ê... –≤ –º—É–ª—å—Ç–∏–≤—Å–µ–ª–µ–Ω–Ω–æ–π | –ß–∞—Å—Ç–Ω–æ–µ –º–Ω–µ–Ω–∏–µ // –ê–ª–µ–∫—Å–∞–Ω–¥—Ä –ü–∞–Ω—á–∏–Ω,2019-10-17T09:05:19Z,–≠–∫—Å–ø–µ—Ä—Ç—ã SciOne. –ê–ª–µ–∫—Å–∞–Ω–¥—Ä –ü–∞–Ω—á–∏–Ω
189066,15345,367,0,1742,"–¢–æ—Ç, –∫–æ–≥–æ –ù–ï–õ–¨–ó–Ø –Ω–∞–∑—ã–≤–∞—Ç—å | –ê–ª–µ–∫—Å–∞–Ω–¥—Ä –ü–∞–Ω—á–∏–Ω",2019-09-29T11:59:29Z,–≠–∫—Å–ø–µ—Ä—Ç—ã SciOne. –ê–ª–µ–∫—Å–∞–Ω–¥—Ä –ü–∞–Ω—á–∏–Ω
152589,14953,264,0,1381,"–û–ù–ò –•–û–¢–Ø–¢, –ß–¢–û–ë–´ –ú–´ –ú–û–õ–ß–ê–õ–ò | –ß–∞—Å—Ç–Ω–æ–µ –º–Ω–µ–Ω–∏–µ // –ê–ª–µ–∫—Å–∞–Ω–¥—Ä –ü–∞–Ω—á–∏–Ω",2019-09-12T07:24:40Z,–≠–∫—Å–ø–µ—Ä—Ç—ã SciOne. –ê–ª–µ–∫—Å–∞–Ω–¥—Ä –ü–∞–Ω—á–∏–Ω
147770,6559,857,0,1573,"–û –ø—Ä–∞–≤–¥–µ –∏ –ª–∂–∏ ""–ß–µ—Ä–Ω–æ–±—ã–ª—è"": —É—á–µ–Ω—ã–π, –¥–≤–∞ –∏–Ω–∂–µ–Ω–µ—Ä–∞, –∏—Å—Ç–æ—Ä–∏–∫ | –ó–æ–Ω–∞ –ë—Ä–æ–∫–∞ // –ø–æ–¥–∫–∞—Å—Ç –ê–ª–µ–∫—Å–∞–Ω–¥—Ä–∞ –ü–∞–Ω—á–∏–Ω–∞",2019-07-25T19:01:48Z,–≠–∫—Å–ø–µ—Ä—Ç—ã SciOne. –ê–ª–µ–∫—Å–∞–Ω–¥—Ä –ü–∞–Ω—á–∏–Ω
45551,3191,56,0,465,–ù–æ–≤—ã–π –º–æ–∑–≥ –∏–∑ –∫–æ–∂–∏ —Å –ø–æ–º–æ—â—å—é –í–ò–ß | –ó–æ–Ω–∞ –ë—Ä–æ–∫–∞ // —Ç–æ–∫-—à–æ—É –ê–ª–µ–∫—Å–∞–Ω–¥—Ä–∞ –ü–∞–Ω—á–∏–Ω–∞,2019-06-21T09:00:07Z,–≠–∫—Å–ø–µ—Ä—Ç—ã SciOne. –ê–ª–µ–∫—Å–∞–Ω–¥—Ä –ü–∞–Ω—á–∏–Ω
172372,6062,1083,0,1424,–ù–∞—É—á–Ω–∞ –ª–∏ –ø—Å–∏—Ö–æ–ª–æ–≥–∏—è –∏ —á—Ç–æ –Ω–µ —Ç–∞–∫ —Å –ø—Å–∏—Ö–æ—Ç–µ—Ä–∞–ø–∏–µ–π | –ó–æ–Ω–∞ –ë—Ä–æ–∫–∞ // —Ç–æ–∫-—à–æ—É –ê–ª–µ–∫—Å–∞–Ω–¥—Ä–∞ –ü–∞–Ω—á–∏–Ω–∞,2019-06-01T10:58:34Z,–≠–∫—Å–ø–µ—Ä—Ç—ã SciOne. –ê–ª–µ–∫—Å–∞–Ω–¥—Ä –ü–∞–Ω—á–∏–Ω
72455,3466,75,0,373,"–ú–µ–¥–∏—Ü–∏–Ω–∞ –Ω–µ —Ç–æ, —á–µ–º –∫–∞–∂–µ—Ç—Å—è | –ó–æ–Ω–∞ –ë—Ä–æ–∫–∞ // —Ç–æ–∫-—à–æ—É –ê–ª–µ–∫—Å–∞–Ω–¥—Ä–∞ –ü–∞–Ω—á–∏–Ω–∞",2019-04-26T11:11:12Z,–≠–∫—Å–ø–µ—Ä—Ç—ã SciOne. –ê–ª–µ–∫—Å–∞–Ω–¥—Ä –ü–∞–Ω—á–∏–Ω
183518,13639,393,0,678,"–ö–ê–ö –õ–ï–ß–ò–¢–¨–°–Ø –°–ò–õ–û–ô –ú–´–°–õ–ò: –í–ï–†–ê, –¶–ï–õ–ò–¢–ï–õ–ò, –ü–õ–ê–¶–ï–ë–û, –ì–û–ú–ï–û–ü–ê–¢–ò–Ø | –ò–≤–∞–Ω –õ–æ–∑–æ–≤–æ–π",2019-04-20T17:19:06Z,–≠–∫—Å–ø–µ—Ä—Ç—ã SciOne. –ê–ª–µ–∫—Å–∞–Ω–¥—Ä –ü–∞–Ω—á–∏–Ω
78375,4428,67,0,623,"–ö—Ä—É—á–µ –±–∏–æ–ª–æ–≥–∏—è –∏–ª–∏ —Ñ–∏–∑–∏–∫–∞, —Ä–µ–∞–ª—å–Ω–∞—è –∂–∏–∑–Ω—å —É—á—ë–Ω–æ–≥–æ | –ó–æ–Ω–∞ –ë—Ä–æ–∫–∞ // —Ç–æ–∫-—à–æ—É –ê–ª–µ–∫—Å–∞–Ω–¥—Ä–∞ –ü–∞–Ω—á–∏–Ω–∞ (–ø–∏–ª–æ—Ç)",2019-02-14T12:42:12Z,–≠–∫—Å–ø–µ—Ä—Ç—ã SciOne. –ê–ª–µ–∫—Å–∞–Ω–¥—Ä –ü–∞–Ω—á–∏–Ω
155972,14329,291,0,869,–ó–æ–º–±–∏ —Å—Ä–µ–¥–∏ –Ω–∞—Å | –ê–ª–µ–∫—Å–∞–Ω–¥—Ä –ü–∞–Ω—á–∏–Ω,2019-01-15T10:45:12Z,–≠–∫—Å–ø–µ—Ä—Ç—ã SciOne. –ê–ª–µ–∫—Å–∞–Ω–¥—Ä –ü–∞–Ω—á–∏–Ω
188858,15780,229,0,784,–ü–ª–∞–≥–∏–∞—Ç —á—É–¥–µ—Å | –ê–ª–µ–∫—Å–∞–Ω–¥—Ä –ü–∞–Ω—á–∏–Ω,2018-11-27T11:34:02Z,–≠–∫—Å–ø–µ—Ä—Ç—ã SciOne. –ê–ª–µ–∫—Å–∞–Ω–¥—Ä –ü–∞–Ω—á–∏–Ω
208129,15108,164,0,622,–°–∞–º–∏ —Å–µ–±–µ –Ω–µ —Ö–æ–∑—è–µ–≤–∞ | –ê–ª–µ–∫—Å–∞–Ω–¥—Ä –ü–∞–Ω—á–∏–Ω,2018-08-24T13:33:45Z,–≠–∫—Å–ø–µ—Ä—Ç—ã SciOne. –ê–ª–µ–∫—Å–∞–Ω–¥—Ä –ü–∞–Ω—á–∏–Ω
219738,15035,330,0,1062,–†–µ–∞–ª—å–Ω–∞—è –º–∞–≥–∏—è –∏ –µ–µ —Å–µ–∫—Ä–µ—Ç—ã | –ê–ª–µ–∫—Å–∞–Ω–¥—Ä –ü–∞–Ω—á–∏–Ω,2018-08-02T12:45:24Z,–≠–∫—Å–ø–µ—Ä—Ç—ã SciOne. –ê–ª–µ–∫—Å–∞–Ω–¥—Ä –ü–∞–Ω—á–∏–Ω
310526,24426,432,0,1810,"–í–µ—Ä—É—é, –∏–±–æ –ø–æ–∫–∞–∑–∞–ª–æ—Å—å | –ê–ª–µ–∫—Å–∞–Ω–¥—Ä –ü–∞–Ω—á–∏–Ω",2018-06-26T12:54:02Z,–≠–∫—Å–ø–µ—Ä—Ç—ã SciOne. –ê–ª–µ–∫—Å–∞–Ω–¥—Ä –ü–∞–Ω—á–∏–Ω
281094,19215,256,0,1931,–ü–æ–¥–ª–∞—è –ø—Ä–∏—Ä–æ–¥–∞ —Å–∞–º–æ–æ–±–º–∞–Ω–∞ | –ê–ª–µ–∫—Å–∞–Ω–¥—Ä –ü–∞–Ω—á–∏–Ω,2018-06-19T11:26:12Z,–≠–∫—Å–ø–µ—Ä—Ç—ã SciOne. –ê–ª–µ–∫—Å–∞–Ω–¥—Ä –ü–∞–Ω—á–∏–Ω
241916,15390,209,0,793,–û–±–º–∞–Ω –ø–∞–º—è—Ç–∏ | –ê–ª–µ–∫—Å–∞–Ω–¥—Ä –ü–∞–Ω—á–∏–Ω,2018-05-23T10:07:02Z,–≠–∫—Å–ø–µ—Ä—Ç—ã SciOne. –ê–ª–µ–∫—Å–∞–Ω–¥—Ä –ü–∞–Ω—á–∏–Ω
243920,17329,337,0,1025,–ü—Ä–æ–∫–ª—è—Ç—ã–µ –∏ –æ–¥–µ—Ä–∂–∏–º—ã–µ | –ê–ª–µ–∫—Å–∞–Ω–¥—Ä –ü–∞–Ω—á–∏–Ω,2018-05-10T11:47:34Z,–≠–∫—Å–ø–µ—Ä—Ç—ã SciOne. –ê–ª–µ–∫—Å–∞–Ω–¥—Ä –ü–∞–Ω—á–∏–Ω
249419,14915,355,0,1402,–í—ã—Ö–æ–¥ –∏–∑ —Ç–µ–ª–∞ –∏ –æ–∫–æ–ª–æ—Å–º–µ—Ä—Ç–Ω—ã–π –æ–ø—ã—Ç | –ê–ª–µ–∫—Å–∞–Ω–¥—Ä –ü–∞–Ω—á–∏–Ω,2018-04-09T10:06:03Z,–≠–∫—Å–ø–µ—Ä—Ç—ã SciOne. –ê–ª–µ–∫—Å–∞–Ω–¥—Ä –ü–∞–Ω—á–∏–Ω
184815,13126,108,0,674,–§–∞–Ω—Ç–æ–º—ã –∏ –∫–æ—à–º–∞—Ä—ã | –ê–ª–µ–∫—Å–∞–Ω–¥—Ä –ü–∞–Ω—á–∏–Ω,2018-03-29T09:03:59Z,–≠–∫—Å–ø–µ—Ä—Ç—ã SciOne. –ê–ª–µ–∫—Å–∞–Ω–¥—Ä –ü–∞–Ω—á–∏–Ω
173754,13980,139,0,606,–¢–∞–π–Ω—ã –¥–æ–ª–≥–æ–∂–∏—Ç–µ–ª–µ–π: –±–∏–æ–ª–æ–≥–∏—è —Å—Ç–∞—Ä–µ–Ω–∏—è,2018-03-20T15:21:50Z,–≠–∫—Å–ø–µ—Ä—Ç—ã SciOne. –ê–ª–µ–∫—Å–∞–Ω–¥—Ä –ü–∞–Ω—á–∏–Ω
79944,7225,60,0,281,–í–∏—Ä—É—Å–Ω—ã–µ –≥–µ–Ω—ã –≤ –º–æ–∑–≥–µ,2018-03-01T05:21:27Z,–≠–∫—Å–ø–µ—Ä—Ç—ã SciOne. –ê–ª–µ–∫—Å–∞–Ω–¥—Ä –ü–∞–Ω—á–∏–Ω
99472,9413,155,0,566,–ü–æ–Ω—è—Ç—å –∑–∞ 15 –º–∏–Ω—É—Ç: –ø–æ—á–µ–º—É –ª—é–¥–∏ –≤–µ—Ä—è—Ç –≤ –ø–∞—Ä–∞–Ω–æ—Ä–º–∞–ª—å–Ω–æ–µ,2017-10-22T16:30:31Z,–≠–∫—Å–ø–µ—Ä—Ç—ã SciOne. –ê–ª–µ–∫—Å–∞–Ω–¥—Ä –ü–∞–Ω—á–∏–Ω
30975,1233,33,0,52,–ü—Ä—è–º–∞—è —Ç—Ä–∞–Ω—Å–ª—è—Ü–∏—è —Å –í–∞–ª–µ–Ω—Ç–∏–Ω–æ–º –ö–æ–Ω–æ–Ω–æ–º (TrashSmash) –∏ –ê–ª–µ–∫—Å–∞–Ω–¥—Ä–æ–º –ü–∞–Ω—á–∏–Ω—ã–º,2017-10-05T13:42:55Z,–≠–∫—Å–ø–µ—Ä—Ç—ã SciOne. –ê–ª–µ–∫—Å–∞–Ω–¥—Ä –ü–∞–Ω—á–∏–Ω
127237,7215,371,0,516,–ü–û–ß–ï–ú–£ –ù–ï –†–ê–ë–û–¢–ê–ï–¢ –ì–û–ú–ï–û–ü–ê–¢–ò–Ø? | IQ,2017-10-05T13:32:24Z,–≠–∫—Å–ø–µ—Ä—Ç—ã SciOne. –ê–ª–µ–∫—Å–∞–Ω–¥—Ä –ü–∞–Ω—á–∏–Ω
66466,4525,67,0,200,–ß–ï–ú –ü–û–õ–ï–ó–ù–´ –ó–ê–ë–õ–£–ñ–î–ï–ù–ò–Ø? | IQ,2017-10-05T13:27:04Z,–≠–∫—Å–ø–µ—Ä—Ç—ã SciOne. –ê–ª–µ–∫—Å–∞–Ω–¥—Ä –ü–∞–Ω—á–∏–Ω
273394,13915,627,0,662,–ù–ê –ß–¢–û –ï–©–ï –°–ü–û–°–û–ë–ù–ê –≠–í–û–õ–Æ–¶–ò–Ø? | IQ,2017-10-05T13:27:04Z,–≠–∫—Å–ø–µ—Ä—Ç—ã SciOne. –ê–ª–µ–∫—Å–∞–Ω–¥—Ä –ü–∞–Ω—á–∏–Ω
29719,631,65,0,28,–ö–∞–∫ —Å–æ–∑–¥–∞—Ç—å —á–µ–ª–æ–≤–µ–∫–∞-–ø–∞—É–∫–∞? | IQ,2017-10-05T13:27:04Z,–≠–∫—Å–ø–µ—Ä—Ç—ã SciOne. –ê–ª–µ–∫—Å–∞–Ω–¥—Ä –ü–∞–Ω—á–∏–Ω
29550,782,88,0,64,"–ß—Ç–æ –±—É–¥–µ—Ç, –µ—Å–ª–∏ –∫–ª–æ–Ω–∏—Ä–æ–≤–∞—Ç—å –ì–∏—Ç–ª–µ—Ä–∞? | IQ",2017-10-05T13:27:04Z,–≠–∫—Å–ø–µ—Ä—Ç—ã SciOne. –ê–ª–µ–∫—Å–∞–Ω–¥—Ä –ü–∞–Ω—á–∏–Ω
638807,48278,1002,0,1183,–í–´ –≠–¢–û –ù–ò–ö–û–ì–î–ê –ù–ï –£–í–ò–î–ò–¢–ï –ò –ù–ï –£–°–õ–´–®–ò–¢–ï,2017-10-05T13:19:04Z,"SciOne. –ú–æ–∑–≥, –º—ã—à–ª–µ–Ω–∏–µ, –ø–æ–∑–Ω–∞–Ω–∏–µ"
638071,42165,953,0,3233,4 –∑–∞–∫–æ–Ω–∞ –ª–æ–≥–∏–∫–∏ | –î–º–∏—Ç—Ä–∏–π –ì—É—Å–µ–≤,2019-03-23T13:29:12Z,"SciOne. –ú–æ–∑–≥, –º—ã—à–ª–µ–Ω–∏–µ, –ø–æ–∑–Ω–∞–Ω–∏–µ"
402841,29798,489,0,1095,–ö–ê–ö –û–ë–ú–ê–ù–´–í–ê–Æ–¢ –ü–û–õ–ò–¢–ò–ö–ò | –ò–≤–∞–Ω –õ–æ–∑–æ–≤–æ–π,2017-10-05T13:19:04Z,"SciOne. –ú–æ–∑–≥, –º—ã—à–ª–µ–Ω–∏–µ, –ø–æ–∑–Ω–∞–Ω–∏–µ"
402349,26513,216,0,703,–ó–∞–≥–∞–¥–∫–∏ –º–æ–∑–≥–∞: –∫–∞–∫ –º—ã —Ä–∞–∑–ª–∏—á–∞–µ–º –∫—Ä–∞—Å–æ—Ç—É? | –ò–ù–°–ê–ô–¢,2017-10-05T13:19:04Z,"SciOne. –ú–æ–∑–≥, –º—ã—à–ª–µ–Ω–∏–µ, –ø–æ–∑–Ω–∞–Ω–∏–µ"
285635,14808,263,0,753,–°–ê–ú–´–ï –í–ê–ñ–ù–´–ï –ò–î–ï–ò –û –ü–†–ê–í–ò–õ–¨–ù–û–ú –ú–´–®–õ–ï–ù–ò–ò | –ö–û–í–ß–ï–ì –ò–î–ï–ô,2017-10-05T13:19:04Z,"SciOne. –ú–æ–∑–≥, –º—ã—à–ª–µ–Ω–∏–µ, –ø–æ–∑–Ω–∞–Ω–∏–µ"
219076,14968,525,0,495,–ö–û–ú–£ –í–ï–†–ò–¢–¨: –ö–ê–ö –ü–†–û–í–ï–†–Ø–¢–¨ –ò–ù–§–û–†–ú–ê–¶–ò–Æ –í –ò–ù–¢–ï–†–ù–ï–¢–ï?,2017-10-05T13:19:04Z,"SciOne. –ú–æ–∑–≥, –º—ã—à–ª–µ–Ω–∏–µ, –ø–æ–∑–Ω–∞–Ω–∏–µ"
205267,10231,644,0,837,–ö–ê–ö –û–¢–õ–ò–ß–ò–¢–¨ –£–ß–ï–ù–û–ì–û –û–¢ –ú–û–®–ï–ù–ù–ò–ö–ê? | IQ,2017-10-05T13:19:04Z,"SciOne. –ú–æ–∑–≥, –º—ã—à–ª–µ–Ω–∏–µ, –ø–æ–∑–Ω–∞–Ω–∏–µ"
193533,7809,77,0,264,–°–ê–ú–´–ï –í–ê–ñ–ù–´–ï –ò–î–ï–ò –û –ú–û–ó–ì–ï | –ö–û–í–ß–ï–ì –ò–î–ï–ô,2017-10-05T13:19:04Z,"SciOne. –ú–æ–∑–≥, –º—ã—à–ª–µ–Ω–∏–µ, –ø–æ–∑–Ω–∞–Ω–∏–µ"
112724,7124,201,0,438,–ö–û–ì–û –°–ß–ò–¢–ê–¢–¨ –†–ê–ó–£–ú–ù–´–ú? | IQ,2017-10-05T13:19:04Z,"SciOne. –ú–æ–∑–≥, –º—ã—à–ª–µ–Ω–∏–µ, –ø–æ–∑–Ω–∞–Ω–∏–µ"
86449,6155,92,0,227,–ö–ê–ö –ü–û–ó–ù–ê–í–ê–¢–¨ –ò –ù–ï –û–°–¢–ê–í–ê–¢–¨–°–Ø –í –î–£–†–ê–ö–ê–•,2017-10-05T13:19:04Z,"SciOne. –ú–æ–∑–≥, –º—ã—à–ª–µ–Ω–∏–µ, –ø–æ–∑–Ω–∞–Ω–∏–µ"
76477,4882,68,0,160,–ß–¢–û –ó–ù–ê–ß–ò–¢ ¬´–ü–û–ù–ò–ú–ê–¢–¨¬ª? | IQ,2017-10-05T13:19:04Z,"SciOne. –ú–æ–∑–≥, –º—ã—à–ª–µ–Ω–∏–µ, –ø–æ–∑–Ω–∞–Ω–∏–µ"
67060,4407,140,0,409,–°–£–©–ï–°–¢–í–£–ï–¢ –õ–ò –ò–°–¢–ò–ù–ê? | IQ,2017-10-05T13:19:04Z,"SciOne. –ú–æ–∑–≥, –º—ã—à–ª–µ–Ω–∏–µ, –ø–æ–∑–Ω–∞–Ω–∏–µ"
66466,4525,67,0,200,–ß–ï–ú –ü–û–õ–ï–ó–ù–´ –ó–ê–ë–õ–£–ñ–î–ï–ù–ò–Ø? | IQ,2017-10-05T13:19:04Z,"SciOne. –ú–æ–∑–≥, –º—ã—à–ª–µ–Ω–∏–µ, –ø–æ–∑–Ω–∞–Ω–∏–µ"
64442,3529,169,0,120,–í –ß–ï–ú –°–ò–õ–ê –≠–ú–û–¶–ò–ô? | IQ,2017-10-05T13:19:04Z,"SciOne. –ú–æ–∑–≥, –º—ã—à–ª–µ–Ω–∏–µ, –ø–æ–∑–Ω–∞–Ω–∏–µ"
62707,3798,211,0,719,"–ß—Ç–æ, –µ—Å–ª–∏ –Ω–µ –∏—Å—Ç–∏–Ω—É, –æ—Ç–∫—Ä—ã–≤–∞–µ—Ç –Ω–∞—É–∫–∞? | –ú–æ–∑–≥–æ–≤–æ–π —à—Ç—É—Ä–º",2017-10-05T13:19:04Z,"SciOne. –ú–æ–∑–≥, –º—ã—à–ª–µ–Ω–∏–µ, –ø–æ–∑–Ω–∞–Ω–∏–µ"
49647,4502,133,0,641,–ú–æ–∑–≥–æ–≤–æ–π —à—Ç—É—Ä–º: –∏—Å—Ç–∏–Ω–∞ –∏ –Ω–∞—É–∫–∞,2017-10-05T13:19:04Z,"SciOne. –ú–æ–∑–≥, –º—ã—à–ª–µ–Ω–∏–µ, –ø–æ–∑–Ω–∞–Ω–∏–µ"
48853,2704,45,0,82,–†–ï–í–û–õ–Æ–¶–ò–Ø –í –£–ú–ê–•: –ö–ê–ö –° –ù–ï–ô –°–ü–†–ê–í–õ–Ø–ï–¢–°–Ø –ù–ê–£–ö–ê? | IQ,2017-10-05T13:19:04Z,"SciOne. –ú–æ–∑–≥, –º—ã—à–ª–µ–Ω–∏–µ, –ø–æ–∑–Ω–∞–Ω–∏–µ"
47854,3824,97,0,263,–ú–û–ñ–ù–û –õ–ò –ß–¢–û-–¢–û –î–û–ö–ê–ó–ê–¢–¨? | IQ,2017-10-05T13:19:04Z,"SciOne. –ú–æ–∑–≥, –º—ã—à–ª–µ–Ω–∏–µ, –ø–æ–∑–Ω–∞–Ω–∏–µ"
46690,2906,286,0,92,–ö–ê–ö –°–¢–ê–¢–¨ –ö–†–ï–ê–¢–ò–í–ù–ï–ï? | IQ,2017-10-05T13:19:04Z,"SciOne. –ú–æ–∑–≥, –º—ã—à–ª–µ–Ω–∏–µ, –ø–æ–∑–Ω–∞–Ω–∏–µ"
33236,1450,136,0,142,–ö–∞–∫ —Å—Ç–∞—Ç—å —Ä–∞—Ü–∏–æ–Ω–∞–ª—å–Ω–µ–µ? | IQ,2017-10-05T13:19:04Z,"SciOne. –ú–æ–∑–≥, –º—ã—à–ª–µ–Ω–∏–µ, –ø–æ–∑–Ω–∞–Ω–∏–µ"
21107,485,179,0,77,–ó–∞–≤–∏—Å–∏—Ç –ª–∏ –∏–Ω—Ç–µ–ª–ª–µ–∫—Ç –æ—Ç —Ä–∞–∑–º–µ—Ä–∞ –º–æ–∑–≥–∞? | IQ,2017-10-05T13:19:04Z,"SciOne. –ú–æ–∑–≥, –º—ã—à–ª–µ–Ω–∏–µ, –ø–æ–∑–Ω–∞–Ω–∏–µ"
15821,499,67,0,68,–ú–æ–∂–Ω–æ –ª–∏ —Å–º–æ–¥–µ–ª–∏—Ä–æ–≤–∞—Ç—å –º–æ–∑–≥ —á–µ–ª–æ–≤–µ–∫–∞? | IQ,2017-10-05T13:19:04Z,"SciOne. –ú–æ–∑–≥, –º—ã—à–ª–µ–Ω–∏–µ, –ø–æ–∑–Ω–∞–Ω–∏–µ"
14103,549,18,0,40,"–û—Ç–∫—É–¥–∞ –º—ã –∑–Ω–∞–µ–º, —á—Ç–æ ‚Äî –∫—Ä–∞—Å–∏–≤–æ? | –ò–ù–°–ê–ô–¢ [–¢—Ä–µ–π–ª–µ—Ä]",2017-10-05T13:19:04Z,"SciOne. –ú–æ–∑–≥, –º—ã—à–ª–µ–Ω–∏–µ, –ø–æ–∑–Ω–∞–Ω–∏–µ"
11402,925,21,0,71,–ò–¥–µ–∞–ª—å–Ω–æ–µ –º—ã—à–ª–µ–Ω–∏–µ | –ò–ù–°–ê–ô–¢ [–¢—Ä–µ–π–ª–µ—Ä],2017-10-05T13:19:04Z,"SciOne. –ú–æ–∑–≥, –º—ã—à–ª–µ–Ω–∏–µ, –ø–æ–∑–Ω–∞–Ω–∏–µ"
83644,7972,369,0,1553,–ù–∞—É–∫–∞ –ø—Ä–æ–∏–≥—Ä—ã–≤–∞–µ—Ç | –ê–ª–µ–∫—Å–∞–Ω–¥—Ä –°–µ—Ä–≥–µ–µ–≤,2019-02-21T00:57:15Z,–≠–∫—Å–ø–µ—Ä—Ç—ã SciOne. –ê–ª–µ–∫—Å–∞–Ω–¥—Ä –°–µ—Ä–≥–µ–µ–≤
83266,6079,347,0,830,–ó—Ä—è —Å–∫–µ–ø—Ç–∏–∫–∏ –æ—Ö–æ—Ç—è—Ç—Å—è –Ω–∞ ¬´–≤–µ–¥—å–º¬ª | –ê–ª–µ–∫—Å–∞–Ω–¥—Ä –°–µ—Ä–≥–µ–µ–≤,2019-01-22T13:33:10Z,–≠–∫—Å–ø–µ—Ä—Ç—ã SciOne. –ê–ª–µ–∫—Å–∞–Ω–¥—Ä –°–µ—Ä–≥–µ–µ–≤
116831,6577,311,0,728,–°–µ–∫—Ç–∞ —Å–≤—è—Ç–æ–≥–æ –ü–æ–ø–ø–µ—Ä–∞,2018-02-17T14:10:35Z,–≠–∫—Å–ø–µ—Ä—Ç—ã SciOne. –ê–ª–µ–∫—Å–∞–Ω–¥—Ä –°–µ—Ä–≥–µ–µ–≤
511114,29677,1669,0,4197,–ó–ê–ß–ï–ú –ù–£–ñ–ù–ê –†–ï–õ–ò–ì–ò–Ø | IQ,2017-10-05T12:40:22Z,–≠–∫—Å–ø–µ—Ä—Ç—ã SciOne. –ê–ª–µ–∫—Å–∞–Ω–¥—Ä –°–µ—Ä–≥–µ–µ–≤
249299,13941,1078,0,3337,–ü–û–ß–ï–ú–£ –ù–ï–õ–¨–ó–Ø –î–û–ö–ê–ó–ê–¢–¨ –¢–ï–û–†–ò–Æ –≠–í–û–õ–Æ–¶–ò–ò? | IQ,2017-10-05T12:40:22Z,–≠–∫—Å–ø–µ—Ä—Ç—ã SciOne. –ê–ª–µ–∫—Å–∞–Ω–¥—Ä –°–µ—Ä–≥–µ–µ–≤
205267,10231,644,0,837,–ö–ê–ö –û–¢–õ–ò–ß–ò–¢–¨ –£–ß–ï–ù–û–ì–û –û–¢ –ú–û–®–ï–ù–ù–ò–ö–ê? | IQ,2017-10-05T12:40:22Z,–≠–∫—Å–ø–µ—Ä—Ç—ã SciOne. –ê–ª–µ–∫—Å–∞–Ω–¥—Ä –°–µ—Ä–≥–µ–µ–≤
253894,15669,470,0,1222,–ß–¢–û –¢–ê–ö–û–ï –†–ï–ê–õ–¨–ù–û–°–¢–¨? | IQ,2017-10-05T12:40:22Z,–≠–∫—Å–ø–µ—Ä—Ç—ã SciOne. –ê–ª–µ–∫—Å–∞–Ω–¥—Ä –°–µ—Ä–≥–µ–µ–≤
229119,12948,358,0,782,–î–†–£–ì–ò–ï –ú–ò–†–´: –î–õ–Ø –ö–û–ì–û –ù–ê–®–ê –í–°–ï–õ–ï–ù–ù–ê–Ø? | IQ,2017-10-05T12:40:22Z,–≠–∫—Å–ø–µ—Ä—Ç—ã SciOne. –ê–ª–µ–∫—Å–∞–Ω–¥—Ä –°–µ—Ä–≥–µ–µ–≤
208580,11859,535,0,833,–î–ê –ö–û–ú–£ –ù–£–ñ–ù–ê –§–ò–õ–û–°–û–§–ò–Ø?! | IQ,2017-10-05T12:40:22Z,–≠–∫—Å–ø–µ—Ä—Ç—ã SciOne. –ê–ª–µ–∫—Å–∞–Ω–¥—Ä –°–µ—Ä–≥–µ–µ–≤
294988,15443,1136,0,2011,–ü–æ–Ω—è—Ç—å –∑–∞ 16 –º–∏–Ω—É—Ç: –º–∏—Ñ –∏ —Ä–µ–∞–ª—å–Ω–æ—Å—Ç—å –≥–ª–æ–±–∞–ª—å–Ω–æ–≥–æ –ø–æ—Ç–µ–ø–ª–µ–Ω–∏—è,2017-10-05T12:40:22Z,–≠–∫—Å–ø–µ—Ä—Ç—ã SciOne. –ê–ª–µ–∫—Å–∞–Ω–¥—Ä –°–µ—Ä–≥–µ–µ–≤
137566,8997,400,0,759,–ß–¢–û –¢–ê–ö–û–ï –ú–ï–ú–´ –ò –ú–´–°–õ–ï–í–ò–†–£–°–´? | IQ,2017-10-05T12:40:22Z,–≠–∫—Å–ø–µ—Ä—Ç—ã SciOne. –ê–ª–µ–∫—Å–∞–Ω–¥—Ä –°–µ—Ä–≥–µ–µ–≤
112724,7124,201,0,438,–ö–û–ì–û –°–ß–ò–¢–ê–¢–¨ –†–ê–ó–£–ú–ù–´–ú? | IQ,2017-10-05T12:40:22Z,–≠–∫—Å–ø–µ—Ä—Ç—ã SciOne. –ê–ª–µ–∫—Å–∞–Ω–¥—Ä –°–µ—Ä–≥–µ–µ–≤
107914,6293,124,0,396,–ß–¢–û –¢–ê–ö–û–ï –ò–ù–§–û–†–ú–ê–¶–ò–Ø? | IQ,2017-10-05T12:40:22Z,–≠–∫—Å–ø–µ—Ä—Ç—ã SciOne. –ê–ª–µ–∫—Å–∞–Ω–¥—Ä –°–µ—Ä–≥–µ–µ–≤
94384,5431,300,0,451,–ú–û–ñ–ù–û –õ–ò –î–û–í–ï–†–Ø–¢–¨ –ú–ê–¢–ï–ú–ê–¢–ò–ö–ï? | IQ,2017-10-05T12:40:22Z,–≠–∫—Å–ø–µ—Ä—Ç—ã SciOne. –ê–ª–µ–∫—Å–∞–Ω–¥—Ä –°–µ—Ä–≥–µ–µ–≤
75845,4287,159,0,291,–í–ï–õ–ò–ö–ò–ï –í–û–ô–ù–´ –ú–ï–ú–û–í: –ö–ê–ö –û–ù–ò –ù–ê–° –ú–ï–ù–Ø–Æ–¢? | IQ,2017-10-05T12:40:22Z,–≠–∫—Å–ø–µ—Ä—Ç—ã SciOne. –ê–ª–µ–∫—Å–∞–Ω–¥—Ä –°–µ—Ä–≥–µ–µ–≤
75481,5390,182,0,294,–ü–û–ß–ï–ú–£ –õ–ï–¢–ê–¢–¨ –í –ö–û–°–ú–û–° –¢–ê–ö –î–û–†–û–ì–û? | IQ,2017-10-05T12:40:22Z,–≠–∫—Å–ø–µ—Ä—Ç—ã SciOne. –ê–ª–µ–∫—Å–∞–Ω–¥—Ä –°–µ—Ä–≥–µ–µ–≤
76477,4882,68,0,160,–ß–¢–û –ó–ù–ê–ß–ò–¢ ¬´–ü–û–ù–ò–ú–ê–¢–¨¬ª? | IQ,2017-10-05T12:40:22Z,–≠–∫—Å–ø–µ—Ä—Ç—ã SciOne. –ê–ª–µ–∫—Å–∞–Ω–¥—Ä –°–µ—Ä–≥–µ–µ–≤
67060,4407,140,0,409,–°–£–©–ï–°–¢–í–£–ï–¢ –õ–ò –ò–°–¢–ò–ù–ê? | IQ,2017-10-05T12:40:22Z,–≠–∫—Å–ø–µ—Ä—Ç—ã SciOne. –ê–ª–µ–∫—Å–∞–Ω–¥—Ä –°–µ—Ä–≥–µ–µ–≤
46544,2732,65,0,265,–ö–ê–ö –ë–´–°–¢–†–û –†–ê–ó–í–ò–í–ê–Æ–¢–°–Ø –¢–ï–•–ù–û–õ–û–ì–ò–ò? | IQ,2017-10-05T12:40:22Z,–≠–∫—Å–ø–µ—Ä—Ç—ã SciOne. –ê–ª–µ–∫—Å–∞–Ω–¥—Ä –°–µ—Ä–≥–µ–µ–≤
47854,3824,97,0,263,–ú–û–ñ–ù–û –õ–ò –ß–¢–û-–¢–û –î–û–ö–ê–ó–ê–¢–¨? | IQ,2017-10-05T12:40:22Z,–≠–∫—Å–ø–µ—Ä—Ç—ã SciOne. –ê–ª–µ–∫—Å–∞–Ω–¥—Ä –°–µ—Ä–≥–µ–µ–≤
53057,3001,108,0,177,–ö–ê–ö –£–°–¢–†–û–ï–ù–ê –≠–í–û–õ–Æ–¶–ò–Ø –¢–ï–•–ù–û–õ–û–ì–ò–ô? | IQ,2017-10-05T12:40:22Z,–≠–∫—Å–ø–µ—Ä—Ç—ã SciOne. –ê–ª–µ–∫—Å–∞–Ω–¥—Ä –°–µ—Ä–≥–µ–µ–≤
48853,2704,45,0,82,–†–ï–í–û–õ–Æ–¶–ò–Ø –í –£–ú–ê–•: –ö–ê–ö –° –ù–ï–ô –°–ü–†–ê–í–õ–Ø–ï–¢–°–Ø –ù–ê–£–ö–ê? | IQ,2017-10-05T12:40:22Z,–≠–∫—Å–ø–µ—Ä—Ç—ã SciOne. –ê–ª–µ–∫—Å–∞–Ω–¥—Ä –°–µ—Ä–≥–µ–µ–≤
73273,6229,113,0,408,–ü–æ–Ω—è—Ç—å –∑–∞ 20 –º–∏–Ω—É—Ç: –¥–∏–ª–µ–º–º–∞ –∫–æ–ø–∏—Ä–∞–π—Ç–∞,2017-10-05T12:35:26Z,–≠–∫—Å–ø–µ—Ä—Ç—ã SciOne. –ê–ª–µ–∫—Å–∞–Ω–¥—Ä –°–µ—Ä–≥–µ–µ–≤
49647,4502,133,0,641,–ú–æ–∑–≥–æ–≤–æ–π —à—Ç—É—Ä–º: –∏—Å—Ç–∏–Ω–∞ –∏ –Ω–∞—É–∫–∞,2017-08-08T15:57:07Z,–ú–û–ó–ì–û–í–û–ô –®–¢–£–†–ú
62707,3798,211,0,719,"–ß—Ç–æ, –µ—Å–ª–∏ –Ω–µ –∏—Å—Ç–∏–Ω—É, –æ—Ç–∫—Ä—ã–≤–∞–µ—Ç –Ω–∞—É–∫–∞? | –ú–æ–∑–≥–æ–≤–æ–π —à—Ç—É—Ä–º",2017-08-08T15:57:16Z,–ú–û–ó–ì–û–í–û–ô –®–¢–£–†–ú
101962,7138,163,0,1523,"–ß—Ç–æ, –µ—Å–ª–∏ –≤—Å–µ –ø—Ä–µ–¥—Ä–µ—à–µ–Ω–æ? | –ú–æ–∑–≥–æ–≤–æ–π —à—Ç—É—Ä–º",2017-09-20T20:34:36Z,–ú–û–ó–ì–û–í–û–ô –®–¢–£–†–ú
78783,5129,171,0,1291,–ú–æ–∂–Ω–æ –ª–∏ –∏–∑–º–µ–Ω–∏—Ç—å –±—É–¥—É—â–µ–µ? | –ú–æ–∑–≥–æ–≤–æ–π —à—Ç—É—Ä–º,2017-10-05T12:50:54Z,–ú–û–ó–ì–û–í–û–ô –®–¢–£–†–ú
42045,2520,121,0,490,–°–≤–æ–±–æ–¥–∞ –≤—ã–±–æ—Ä–∞: –æ—Ç–≤–µ—Ç—ã –Ω–∞ –≤–æ–ø—Ä–æ—Å—ã –∏ –∫—Ä–∏—Ç–∏–∫—É,2018-03-17T15:07:56Z,–ú–û–ó–ì–û–í–û–ô –®–¢–£–†–ú
294988,15443,1136,0,2011,–ü–æ–Ω—è—Ç—å –∑–∞ 16 –º–∏–Ω—É—Ç: –º–∏—Ñ –∏ —Ä–µ–∞–ª—å–Ω–æ—Å—Ç—å –≥–ª–æ–±–∞–ª—å–Ω–æ–≥–æ –ø–æ—Ç–µ–ø–ª–µ–Ω–∏—è,2017-08-08T15:55:17Z,–ü–û–ù–Ø–¢–¨ –ó–ê N –ú–ò–ù–£–¢
648636,30211,1242,0,1269,–ü–æ–Ω—è—Ç—å –∑–∞ 12 –º–∏–Ω—É—Ç: –∫–æ–≥–¥–∞ —Ç–µ–æ—Ä–∏—è –∏–≥—Ä –ø–æ–±–µ–∂–¥–∞–µ—Ç –∑–¥—Ä–∞–≤—ã–π —Å–º—ã—Å–ª,2017-08-08T15:55:35Z,–ü–û–ù–Ø–¢–¨ –ó–ê N –ú–ò–ù–£–¢
108414,4737,149,0,234,–ü–æ–Ω—è—Ç—å –∑–∞ 15 –º–∏–Ω—É—Ç: –∫–∞—Ä—Ç–∏–Ω–∞ –º–∏—Ä–∞ –¥—Ä–µ–≤–Ω–∏—Ö –µ–≥–∏–ø—Ç—è–Ω,2017-08-08T15:55:53Z,–ü–û–ù–Ø–¢–¨ –ó–ê N –ú–ò–ù–£–¢
89939,5533,55,0,183,–ü–æ–Ω—è—Ç—å –∑–∞ 14 –º–∏–Ω—É—Ç: –¥–æ–∫–∞–∑–∞—Ç–µ–ª—å–Ω–∞—è –º–µ–¥–∏—Ü–∏–Ω–∞,2017-08-08T15:56:29Z,–ü–û–ù–Ø–¢–¨ –ó–ê N –ú–ò–ù–£–¢
99472,9413,155,0,566,–ü–æ–Ω—è—Ç—å –∑–∞ 15 –º–∏–Ω—É—Ç: –ø–æ—á–µ–º—É –ª—é–¥–∏ –≤–µ—Ä—è—Ç –≤ –ø–∞—Ä–∞–Ω–æ—Ä–º–∞–ª—å–Ω–æ–µ,2017-10-22T16:30:31Z,–ü–û–ù–Ø–¢–¨ –ó–ê N –ú–ò–ù–£–¢
193533,7809,77,0,264,–°–ê–ú–´–ï –í–ê–ñ–ù–´–ï –ò–î–ï–ò –û –ú–û–ó–ì–ï | –ö–û–í–ß–ï–ì –ò–î–ï–ô,2017-04-14T15:14:46Z,–ö–û–í–ß–ï–ì –ò–î–ï–ô
147831,6452,90,0,297,–°–ê–ú–´–ï –í–ê–ñ–ù–´–ï –ò–î–ï–ò –û–ë –≠–í–û–õ–Æ–¶–ò–ò | –ö–û–í–ß–ï–ì –ò–î–ï–ô,2017-04-13T17:49:59Z,–ö–û–í–ß–ï–ì –ò–î–ï–ô
285635,14808,263,0,753,–°–ê–ú–´–ï –í–ê–ñ–ù–´–ï –ò–î–ï–ò –û –ü–†–ê–í–ò–õ–¨–ù–û–ú –ú–´–®–õ–ï–ù–ò–ò | –ö–û–í–ß–ï–ì –ò–î–ï–ô,2017-04-13T15:44:01Z,–ö–û–í–ß–ï–ì –ò–î–ï–ô
181168,10335,134,0,498,–°–ê–ú–´–ï –í–ê–ñ–ù–´–ï –ò–î–ï–ò –•–ò–ú–ò–ò | –ö–û–í–ß–ï–ì –ò–î–ï–ô,2017-04-05T15:06:10Z,–ö–û–í–ß–ï–ì –ò–î–ï–ô
302476,11441,379,0,614,–°–ê–ú–´–ï –í–ê–ñ–ù–´–ï –ò–î–ï–ò –ú–ê–¢–ï–ú–ê–¢–ò–ö–ò | –ö–û–í–ß–ï–ì –ò–î–ï–ô,2017-04-01T08:21:35Z,–ö–û–í–ß–ï–ì –ò–î–ï–ô
144214,5499,299,0,296,–°–ê–ú–´–ï –í–ê–ñ–ù–´–ï –ò–î–ï–ò –°–û–¶–ò–û–õ–û–ì–ò–ò | –ö–û–í–ß–ï–ì –ò–î–ï–ô,2017-04-01T07:38:45Z,–ö–û–í–ß–ï–ì –ò–î–ï–ô
212381,10085,145,0,364,–°–ê–ú–´–ï –í–ê–ñ–ù–´–ï –ò–î–ï–ò –û –ú–ê–¢–ï–†–ò–ò –ò –í–°–ï–õ–ï–ù–ù–û–ô | –ö–û–í–ß–ï–ì –ò–î–ï–ô,2017-03-21T17:39:21Z,–ö–û–í–ß–ï–ì –ò–î–ï–ô
114529,5898,73,0,254,–°–ê–ú–´–ï –í–ê–ñ–ù–´–ï –ò–î–ï–ò –ú–ï–î–ò–¶–ò–ù–´ | –ö–û–í–ß–ï–ì –ò–î–ï–ô,2017-03-16T19:59:33Z,–ö–û–í–ß–ï–ì –ò–î–ï–ô
154472,7848,95,0,391,–°–ê–ú–´–ï –í–ê–ñ–ù–´–ï –ò–î–ï–ò –û –ü–†–û–ò–°–•–û–ñ–î–ï–ù–ò–ò –ß–ï–õ–û–í–ï–ö–ê | –ö–û–í–ß–ï–ì –ò–î–ï–ô,2017-03-09T16:40:05Z,–ö–û–í–ß–ï–ì –ò–î–ï–ô
215606,10428,107,0,481,–°–ê–ú–´–ï –í–ê–ñ–ù–´–ï –ò–î–ï–ò –û –ö–û–°–ú–û–°–ï | –ö–û–í–ß–ï–ì –ò–î–ï–ô,2017-02-28T18:15:03Z,–ö–û–í–ß–ï–ì –ò–î–ï–ô
4076952,206544,7394,0,2412,–ß–¢–û –ï–°–õ–ò –î–ï–ù–¨ –î–õ–ò–õ–°–Ø –ë–´ –û–î–ù–£ –°–ï–ö–£–ù–î–£?,2016-05-11T21:22:20Z,SciOne. –ú—É–ª—å—Ç
178717,9813,592,0,1314,–í–°–Ø –ü–†–ê–í–î–ê –û –ì–ú–û,2017-10-05T13:32:53Z,SciOne. –ú—É–ª—å—Ç
103913,5564,573,0,234,–ß–¢–û –ï–°–õ–ò –õ–Æ–ë–û–í–¨ –û–î–ù–ê?,2016-09-26T15:25:49Z,SciOne. –ú—É–ª—å—Ç
53236,2997,173,0,183,–°–ê–ú–´–ï –ù–ï–í–ï–†–û–Ø–¢–ù–´–ï –§–ê–ö–¢–´ –û –°–ê–•–ê–†–ï,2017-10-05T12:59:27Z,SciOne. –ú—É–ª—å—Ç
39698,2335,107,0,80,–ß–¢–û –ï–°–õ–ò –ë–´ –¢–´ –ë–´–õ –ü–û–ò–°–ö–û–í–û–ô –°–ò–°–¢–ï–ú–û–ô?,2016-09-23T04:01:22Z,SciOne. –ú—É–ª—å—Ç
30256,3741,84,0,51,–ß–¢–û –ï–°–õ–ò –î–ò–ù–û–ó–ê–í–†–ê –ö–û–†–ú–ò–¢–¨ –í –ú–û–°–ö–í–ï? | –ß–¢–û –ï–°–õ–ò,2016-05-12T07:45:52Z,SciOne. –ú—É–ª—å—Ç
429049,29824,1086,0,2667,–ü–û–ß–ï–ú–£ –ê–°–¢–†–û–õ–û–ì–ò–Ø –ù–ï –†–ê–ë–û–¢–ê–ï–¢? | –ò–≤–∞–Ω –õ–æ–∑–æ–≤–æ–π,2017-10-05T12:57:06Z,SciOne. –ö–æ—Å–º–æ—Å
215606,10428,107,0,481,–°–ê–ú–´–ï –í–ê–ñ–ù–´–ï –ò–î–ï–ò –û –ö–û–°–ú–û–°–ï | –ö–û–í–ß–ï–ì –ò–î–ï–ô,2017-10-05T12:57:06Z,SciOne. –ö–æ—Å–º–æ—Å
187766,13466,243,0,674,5 –∑–∞–≥–∞–¥–æ–∫ –ø–æ—è–≤–ª–µ–Ω–∏—è –í—Å–µ–ª–µ–Ω–Ω–æ–π | –ò–≤–∞–Ω –õ–æ–∑–æ–≤–æ–π,2019-08-24T18:14:45Z,SciOne. –ö–æ—Å–º–æ—Å
151614,10686,139,0,664,–ü–ê–†–ê–î–û–ö–° –í–ù–ï–ó–ï–ú–ù–û–ì–û –†–ê–ó–£–ú–ê: –ì–î–ï –ñ–ï –û–ù–ò?,2017-10-05T12:57:06Z,SciOne. –ö–æ—Å–º–æ—Å
150210,9690,239,0,378,–°–ê–ú–´–ï –û–ü–ê–°–ù–´–ï –£–ì–†–û–ó–´ –ò–ó –ö–û–°–ú–û–°–ê | –ö–û–°–ú–û–°,2016-04-12T03:49:48Z,SciOne. –ö–æ—Å–º–æ—Å
90404,7906,50,0,278,–ì–õ–ê–í–ù–´–ï –ó–ê–ì–ê–î–ö–ò –ö–û–°–ú–û–°–ê: –ß–¢–û –ü–†–ï–î–°–¢–û–ò–¢ –û–¢–ö–†–´–¢–¨? | IQ,2017-10-05T12:57:06Z,SciOne. –ö–æ—Å–º–æ—Å
89900,5251,60,0,164,–ù–µ–∏–∑–≤–µ—Å—Ç–Ω—ã–µ –ø–ª–∞–Ω–µ—Ç—ã –¥—Ä—É–≥–∏—Ö –º–∏—Ä–æ–≤ | –ö–û–°–ú–û–°,2015-12-23T05:33:39Z,SciOne. –ö–æ—Å–º–æ—Å
80766,2691,91,0,197,–ë–ò–¢–í–´ –í –ö–û–°–ú–û–°–ï. –†–µ–∞–ª—å–Ω—ã–µ –∑–≤–µ–∑–¥–Ω—ã–µ –≤–æ–π–Ω—ã | –ö–û–°–ú–û–°,2015-12-23T05:33:39Z,SciOne. –ö–æ—Å–º–æ—Å
77066,6962,65,0,267,"–í–ê–®–ï –¢–ï–õ–û: –ß–ê–°–¢–ò–¶–´, –û –ö–û–¢–û–†–´–• –í–´ –ù–ï –ó–ê–î–£–ú–´–í–ê–ï–¢–ï–°–¨ | –ò–≤–∞–Ω –õ–æ–∑–æ–≤–æ–π",2017-10-05T12:57:06Z,SciOne. –ö–æ—Å–º–æ—Å
75481,5390,182,0,294,–ü–û–ß–ï–ú–£ –õ–ï–¢–ê–¢–¨ –í –ö–û–°–ú–û–° –¢–ê–ö –î–û–†–û–ì–û? | IQ,2017-10-05T12:57:06Z,SciOne. –ö–æ—Å–º–æ—Å
68393,5031,72,0,228,–ü–ê–ù–°–ü–ï–†–ú–ò–Ø: –û–¢–ö–£–î–ê –ñ–ò–ó–ù–¨ –ù–ê –ó–ï–ú–õ–ï? | IQ,2017-10-05T12:57:06Z,SciOne. –ö–æ—Å–º–æ—Å
67032,1975,26,0,50,–ù–ï–í–ï–†–û–Ø–¢–ù–´–ô –•–ê–ë–ë–õ,2017-10-05T13:10:41Z,SciOne. –ö–æ—Å–º–æ—Å
61778,1655,63,0,92,–ß—Ç–æ –∂–¥–µ—Ç –ª—é–¥–µ–π –Ω–∞ –∫—Ä–∞—é –°–æ–ª–Ω–µ—á–Ω–æ–π —Å–∏—Å—Ç–µ–º—ã?,2017-10-05T12:57:06Z,SciOne. –ö–æ—Å–º–æ—Å
59192,1930,336,0,131,–ï–°–õ–ò –ë–´ GOOGLE –ë–´–õ –ß–ï–õ–û–í–ï–ö–û–ú [–ö–û–°–ú–ò–ß–ï–°–ö–ê–Ø –í–ï–†–°–ò–Ø],2017-10-05T12:57:06Z,SciOne. –ö–æ—Å–º–æ—Å
46824,2063,83,0,59,"–ß—Ç–æ –±—É–¥–µ—Ç, –µ—Å–ª–∏ –∏—Å—á–µ–∑–Ω–µ—Ç –°–æ–ª–Ω—Ü–µ?",2017-10-05T12:57:06Z,SciOne. –ö–æ—Å–º–æ—Å
28617,1101,20,0,32,–°–≤–∏–¥–∞–Ω–∏–µ –Ω–∞ –≤—ã–ª–µ—Ç: –∫–∞–∫ ¬´–ù–æ–≤—ã–µ –ì–æ—Ä–∏–∑–æ–Ω—Ç—ã¬ª —Ä–∞—Å–∫—Ä—ã–≤–∞–µ—Ç –∑–∞–≥–∞–¥–∫–∏ –ü–ª—É—Ç–æ–Ω–∞,2017-10-05T12:57:06Z,SciOne. –ö–æ—Å–º–æ—Å
20072,514,101,0,71,–ü–æ—á–µ–º—É –ú–ö–° –Ω–µ –ø–∞–¥–∞–µ—Ç –Ω–∞ –∑–µ–º–ª—é? | IQ,2017-10-05T12:57:06Z,SciOne. –ö–æ—Å–º–æ—Å
19892,989,179,0,97,¬´–ú–ê–Ø–ö¬ª –ò –£–ì–†–û–ó–´ –ö–û–°–ú–ò–ß–ï–°–ö–û–ì–û –ú–£–°–û–†–ê | IQ,2017-10-05T12:57:06Z,SciOne. –ö–æ—Å–º–æ—Å
19198,737,20,0,48,–ü–µ—Å–Ω—å –ª—å–¥–∞ –∏ –ø–ª–∞–º–µ–Ω–∏: –æ —á–µ–º –ø–æ–µ—Ç –∫–æ–º–µ—Ç–∞ –ß—É—Ä—é–º–æ–≤–∞-–ì–µ—Ä–∞—Å–∏–º–µ–Ω–∫–æ?,2017-10-05T12:57:06Z,SciOne. –ö–æ—Å–º–æ—Å
73650,7253,47,0,356,9 –≤—Ä–µ–¥–Ω—ã—Ö –º–∏—Ñ–æ–≤ –æ —Ä–∞–∫–µ,2019-08-24T18:04:14Z,–¢–û–ü
88763,8177,299,0,604,9 –ò–°–¢–û–†–ò–ô –û –ú–£–ß–ï–ù–ò–ö–ê–• –û–¢ –ù–ê–£–ö–ò,2017-02-05T22:27:39Z,–¢–û–ü
313790,8843,811,0,1365,7 –ú–ò–§–û–í –û–ë –≠–í–û–õ–Æ–¶–ò–ò –ß–ï–õ–û–í–ï–ö–ê,2015-10-24T00:44:12Z,–¢–û–ü
4850363,83054,7630,0,4070,7 –í–ï–ß–ù–´–• –î–í–ò–ì–ê–¢–ï–õ–ï–ô,2015-11-05T17:01:40Z,–¢–û–ü
98084,8265,207,0,393,7 –°–ê–ú–´–• –°–¢–†–ê–®–ù–´–• ¬´–§–ê–ö–¢–û–í¬ª –û –ì–ú–û,2015-12-12T01:43:33Z,–¢–û–ü
984582,26377,1281,0,1333,7 –ë–ï–°–°–ú–ï–†–¢–ù–´–• –†–ï–ê–õ–¨–ù–´–• –°–£–©–ï–°–¢–í,2016-09-30T13:33:41Z,–¢–û–ü
228388,6096,235,0,265,6 –°–ê–ú–´–• –î–ï–†–ó–ö–ò–• –ù–ê–£–ß–ù–´–• –ê–§–ï–†,2016-12-13T20:43:25Z,–¢–û–ü
493515,24877,924,0,1703,"–õ–æ—É—Ä–µ–Ω—Å –ö—Ä–∞—É—Å—Å –æ –¢—Ä–∞–º–ø–µ –∏ –ü—É—Ç–∏–Ω–µ, –°–°–°–†, —Ç–µ–º–Ω–æ–π —ç–Ω–µ—Ä–≥–∏–∏, –æ–±—Ä–∞–∑–æ–≤–∞–Ω–∏–∏ –∏ —Ç–µ–æ–ª–æ–≥–∏–∏",2017-06-30T00:21:51Z,–í –≥–æ—Å—Ç—è—Ö —É SciOne. –ë–æ–ª—å—à–∏–µ –∏–Ω—Ç–µ—Ä–≤—å—é
331780,19858,390,0,1508,"–†–∏—á–∞—Ä–¥ –î–æ–∫–∏–Ω–∑ –æ –Ω–µ–ª—é–±–∏–º–æ–º –º–µ–º–µ, –º—É—á–µ–Ω–∏–∫–∞—Ö –∞—Ç–µ–∏–∑–º–∞, –ø—Ä–∞–≤–∏–ª—å–Ω–æ–π —Ç–µ–æ–ª–æ–≥–∏–∏ –∏ —Ä–∞–∑–≥–æ–≤–æ—Ä–µ —Å –±–æ–≥–æ–º",2017-07-16T17:43:40Z,–í –≥–æ—Å—Ç—è—Ö —É SciOne. –ë–æ–ª—å—à–∏–µ –∏–Ω—Ç–µ—Ä–≤—å—é
112800,7060,88,0,321,"–î–∂–µ–π–º—Å –£–æ—Ç—Å–æ–Ω: –°–µ–≥–æ–¥–Ω—è –Ω–∞–¥–æ –±—ã—Ç—å —É–º–Ω–µ–µ, —á–µ–º 100 –ª–µ—Ç –Ω–∞–∑–∞–¥",2017-09-20T20:35:47Z,–í –≥–æ—Å—Ç—è—Ö —É SciOne. –ë–æ–ª—å—à–∏–µ –∏–Ω—Ç–µ—Ä–≤—å—é
79413,5071,132,0,363,"–ú–∞–π–∫–ª –®–µ—Ä–º–µ—Ä –æ –≤–µ—Ä—É—é—â–∏—Ö, –∫–æ—Å–ø–ª–µ–µ—Ä–∞—Ö, –±–æ—Ä—å–±–µ —Å –º—Ä–∞–∫–æ–±–µ—Å–∏–µ–º –∏ —Å—á–∞—Å—Ç—å–µ —Å–∫–µ–ø—Ç–∏–∫–∞",2018-05-17T10:42:52Z,–í –≥–æ—Å—Ç—è—Ö —É SciOne. –ë–æ–ª—å—à–∏–µ –∏–Ω—Ç–µ—Ä–≤—å—é
42625,3513,60,0,346,"¬´–ü–ª—É—Ç–æ–Ω ‚Äî —ç—Ç–æ –ø–ª–∞–Ω–µ—Ç–∞, —Å–º–∏—Ä–∏—Ç–µ—Å—å¬ª. –ì–ª–∞–≤–∞ –º–∏—Å—Å–∏–∏ ¬´–ù–æ–≤—ã–µ –ì–æ—Ä–∏–∑–æ–Ω—Ç—ã¬ª –ê–ª–∞–Ω –°—Ç–µ—Ä–Ω | –ë–æ–ª—å—à–æ–µ –∏–Ω—Ç–µ—Ä–≤—å—é",2019-02-28T09:01:05Z,–í –≥–æ—Å—Ç—è—Ö —É SciOne. –ë–æ–ª—å—à–∏–µ –∏–Ω—Ç–µ—Ä–≤—å—é
35733,1000,8,0,35,–ò–Ω—Ç–µ—Ä–≤—å—é —Å –ú—ç—Ç—Ç–æ–º –¢–µ–π–ª–æ—Ä–æ–º,2015-11-03T20:17:11Z,–í –≥–æ—Å—Ç—è—Ö —É SciOne. –ë–æ–ª—å—à–∏–µ –∏–Ω—Ç–µ—Ä–≤—å—é
26596,2060,57,0,159,–ö–∏–±–æ—Ä–≥ –∏–∑ –õ–æ–Ω–¥–æ–Ω–∞ –æ –Ω–æ–≤–æ–π –∂–∏–∑–Ω–∏ —Å —Ç–µ—Ö–Ω–æ–ª–æ–≥–∏—è–º–∏,2018-02-21T15:53:24Z,–í –≥–æ—Å—Ç—è—Ö —É SciOne. –ë–æ–ª—å—à–∏–µ –∏–Ω—Ç–µ—Ä–≤—å—é
17417,634,4,0,29,"–ß–µ–ª–æ–≤–µ–∫, –∫–æ—Ç–æ—Ä—ã–π –ø–æ–∫–æ—Ä–∏–ª –∫–æ–º–µ—Ç—É. –ò–Ω—Ç–µ—Ä–≤—å—é —Å –ú—ç—Ç—Ç–æ–º –¢–µ–π–ª–æ—Ä–æ–º",2015-10-24T00:43:08Z,–í –≥–æ—Å—Ç—è—Ö —É SciOne. –ë–æ–ª—å—à–∏–µ –∏–Ω—Ç–µ—Ä–≤—å—é
Private video,2017-10-14T11:13:08Z,–í –≥–æ—Å—Ç—è—Ö —É SciOne. –ë–æ–ª—å—à–∏–µ –∏–Ω—Ç–µ—Ä–≤—å—é
18757,351,31,0,19,Medicinal Chemistry 4ever,2015-07-27T15:14:47Z,–î–ª—è –∫–æ–Ω–∫—É—Ä—Å–æ–≤
